0,-0.0104910171031952,0.803846441209316,-2.1,-0.124770619869232,0.823527690768242,-2.1,0.0430463874340057,0.979559594392777,-2.1,-0.083536788225174,0.917521119117737,-1.98710153102875;
0.02,-0.0338682061433792,0.819119089096785,-2.1,-0.0877825939655304,0.851433129608631,-2.1,0.111694985032082,1.00721957981586,-2.1,-0.118702834248543,0.929894694685936,-2.03519527316093;
0.04,-0.0551459422707558,0.823891609534621,-2.1,-0.0748145097494125,0.884095741063356,-2.1,0.152506587803364,1.02111329287291,-2.1,-0.141000954210758,0.954772688448429,-2.06759763658047;
0.06,-0.104714380055666,0.834437641315162,-2.1,-0.0501760104298592,0.851664531603455,-2.1,0.208865994364023,1.05224304422736,-2.1,-0.158155432492495,1.00080941095948,-2.08379881829023;
0.0800000000000001,-0.130958561077714,0.844072894658893,-2.1,-0.0433777005970478,0.883165461011231,-2.1,0.266216222718358,1.12818153016269,-2.1,-0.157157960310578,1.07688445039093,-2.09189940914512;
0.1,-0.135785359926522,0.854408451123163,-2.1,-0.0441685674339533,0.96890030214563,-2.1,0.327427557446063,1.24010199364275,-2.1,-0.142486372180283,1.1915958294645,-2.09594970457256;
0.12,-0.133839853797108,0.887424300215207,-2.1,-0.0475931983068585,1.11985742007382,-2.1,0.391838464010507,1.37005099682137,-2.1,-0.111814504358917,1.34579791473225,-2.09797485228628;
0.14,-0.109899517791346,0.999278890143614,-2.1,-0.0335162582434714,1.30992871003691,-2.1,0.445919232005253,1.43502549841069,-2.1,-0.108679495202377,1.42289895736612,-2.08743556318805;
0.16,-0.0510781499231234,1.24963944507181,-2.1,-0.0501502169389278,1.40496435501846,-2.1,0.472959616002627,1.46751274920534,-2.1,-0.0409024180704728,1.46144947868306,-2.09371778159402;
0.18,-0.00165382069768384,1.3748197225359,-2.1,-0.0347101095924154,1.45248217750923,-2.1,0.486479808001313,1.48375637460267,-2.1,0.00641919842688367,1.48072473934153,-2.09685889079701;
0.2,0.0651679317036178,1.43740986126795,-2.1,-0.0239592744712718,1.45288484180637,-2.1,0.456695170953171,1.49187818730134,-2.1,0.0380802970693912,1.49036236967077,-2.09842944539851;
0.22,0.0978560658235801,1.46870493063398,-2.1,-0.017328779787058,1.38328053993318,-2.1,0.407382159508415,1.49593909365067,-2.1,0.0584823855542345,1.48794741017336,-2.09921472269925;
0.24,0.107652324236406,1.48435246531699,-2.1,0.0403632962255506,1.26563611051606,-2.1,0.346659264702175,1.49796954682533,-2.1,0.0860835425448022,1.46479745796678,-2.09960736134963;
0.26,0.0917019169514242,1.49217623265849,-2.1,0.143383106566907,1.14488303969883,-2.1,0.277495169708418,1.49898477341267,-2.08085485696793,0.0981228931939404,1.41156294788598,-2.09980368067481;
0.28,0.0788199755045207,1.49608811632925,-2.03812948465347,0.242994305778266,1.00833173250448,-2.1,0.219640435014808,1.49949238670633,-1.94425186514854,0.0996066699522635,1.37392528278469,-2.09990184033741;
0.3,0.0673992036030904,1.49804405816462,-1.98835762739182,0.318407896602512,0.890294646498023,-2.1,0.26103182019524,1.49974619335317,-1.96014376580715,0.065363256687815,1.33651330581724,-2.0999509201687;
0.32,0.0579028021418162,1.49902202908231,-1.93044506907463,0.32431075028795,0.774550869701534,-2.1,0.271725376554987,1.49987309667658,-1.97020866125822,-0.00442372155443082,1.30789718087226,-2.09997546008435;
0.34,0.0327412145894323,1.49951101454116,-1.8792809933424,0.269327749869317,0.637472034811094,-2.1,0.227280931924115,1.49993654833829,-1.9414259634912,-0.0795411340010924,1.34101277319446,-2.09998773004218;
0.36,-0.00154986771138738,1.49975550727058,-1.8100280597806,0.188307303021893,0.525642049967803,-2.1,0.173144952284461,1.49996827416915,-1.9684534650296,-0.149287397444882,1.41162015660532,-2.09999386502109;
0.38,-0.0460815496851615,1.49987775363529,-1.77629378512502,0.0796505051009581,0.478268856137771,-2.1,0.108509802931133,1.49998413708457,-2.0342267325148,-0.220958660632689,1.45581007830266,-1.95496652937334;
0.4,-0.0660435161794032,1.49993887681764,-1.72061764039099,-0.0029554996315278,0.473247993156204,-2.1,0.0451669128058268,1.49999206854229,-2.0671133662574,-0.277606207624236,1.47790503915133,-1.84116831827363;
0.42,-0.1169088630778,1.49996943840882,-1.64893767703325,-0.0698716967018265,0.558852812729721,-2.1,-0.0354577335060679,1.49999603427114,-2.0835566831287,-0.295926652796646,1.48895251957566,-1.75666914785008;
0.44,-0.162100202088674,1.49998471920441,-1.56351346867159,-0.149061309929282,0.651196767989519,-2.1,-0.146785170254163,1.49999801713557,-2.09177834156435,-0.297681236688087,1.49447625978783,-1.78097889226725;
0.46,-0.154890282871882,1.49999235960221,-1.51842885226943,-0.270722819385723,0.875488782973946,-2.1,-0.244012327997412,1.49999900856779,-2.09588917078217,-0.274298615666126,1.49723812989392,-1.80177784463788;
0.48,-0.161286905170759,1.4999961798011,-1.53465929806698,-0.277964242010214,1.00564230136666,-2.1,-0.294906332894428,1.46452807684325,-2.09794458539109,-0.274858145819056,1.49861906494696,-1.73936935614062;
0.5,-0.211198204935233,1.49999808990055,-1.71170198709005,-0.235419224753428,1.18052249278919,-2.1,-0.300142508945993,1.30894720206451,-2.09897229269554,-0.225294563822919,1.49930953247348,-1.65038273235417;
0.52,-0.292730082959255,1.49999904495028,-1.90585099354503,-0.19360588265183,1.3402612463946,-2.1,-0.287555273275639,1.09989087705707,-2.09948614634777,-0.161191481378165,1.49965476623674,-1.5842825549357;
0.54,-0.396365041479627,1.4513398521222,-2.00292549677251,-0.155458317760241,1.4201306231973,-2.1,-0.24720081364168,0.890453618640183,-2.09974307317389,-0.142453388584895,1.49982738311837,-1.60627550569737;
0.56,-0.448182520739814,1.21494956280179,-2.05146274838626,-0.130011368276483,1.46006531159865,-2.1,-0.18285376446969,0.736473143038391,-2.09987153658694,-0.11290763647022,1.49991369155918,-1.6350409899531;
0.58,-0.474091260369907,0.962283230401013,-2.07573137419313,-0.110429002285901,1.48003265579932,-2.1,-0.102722817299399,0.649866434900581,-2.09993576829347,-0.0627802594038952,1.49995684577959,-1.62921357325605;
0.6,-0.487045630184953,0.722481766629683,-2.08786568709656,-0.0790781457428649,1.49001632789966,-2.1,-0.00592483442904215,0.635612727686077,-2.09996788414674,-0.00829556919798794,1.4999784228898,-1.68191505755927;
0.62,-0.479914054258736,0.512812478983634,-2.09393284354828,-0.0340976352842905,1.49500816394983,-2.1,0.0973607186382926,0.691575544086873,-2.09998394207337,0.0533772350466969,1.4999892114449,-1.76200215859187;
0.64,-0.386804268054203,0.30843576572549,-2.09696642177414,-0.0105661643968154,1.49750408197492,-2.04991251826286,0.185956443742212,0.8617502207596,-2.09999197103668,0.123797856624758,1.49999460572245,-1.80923973343259;
0.66,-0.292147276248553,0.143565614929853,-2.09848321088707,0.0225546192414498,1.49875204098746,-1.89117867350578,0.267185976006238,1.1808751103798,-2.09999598551834,0.186688767103273,1.49999730286122,-1.8239108682746;
0.68,-0.229356965942193,0.0718041578486852,-2.09924160544354,0.0982962154987919,1.49937602049373,-1.76600805670023,0.328751202572211,1.3404375551899,-2.09999799275917,0.211189410998383,1.49999865143061,-1.89079489117237;
0.700000000000001,-0.181311271152402,0.11294872957246,-2.09962080272177,0.139290702325278,1.49968801024686,-1.71342583671212,0.37644451188486,1.36322562688389,-2.09999899637959,0.224070958055039,1.49999932571531,-1.98443055453584;
0.720000000000001,-0.108813086729002,0.284406001358114,-2.09981040136088,0.175968168965068,1.49984400512343,-1.66147511936724,0.413807592627611,1.35280282494326,-2.09999949818979,0.255196887928734,1.49999966285765,-2.04221527726792;
0.740000000000001,0.0217526012754677,0.511248565956395,-2.09990520068044,0.211491875048025,1.49992200256172,-1.57708585113287,0.443459344028039,1.33800014851937,-2.0999997490949,0.301807304361706,1.49999983142883,-2.07110763863396;
0.760000000000001,0.167175684278023,0.718556419633051,-2.09995260034022,0.230270464120082,1.49996100128086,-1.59997917786241,0.458515842019818,1.33483301698391,-2.09999987454745,0.367177203168097,1.49999991571441,-2.08555381931698;
0.780000000000001,0.322956061514622,0.924827666889737,-2.09997630017011,0.204196252672758,1.49998050064043,-1.70511403866112,0.433938359051596,1.41741650849196,-2.09999993727372,0.433588601584048,1.49999995785721,-2.09277690965849;
0.800000000000001,0.411478030757311,1.08124152809933,-2.09998815008506,0.193556606694503,1.49999025032021,-1.87897079978138,0.408521861448711,1.45870825424598,-2.09999996863686,0.466794300792024,1.4999999789286,-2.09638845482925;
0.820000000000001,0.373925222196282,1.24609859779753,-2.09999407504253,0.223030244074485,1.49999512516011,-1.98948539989069,0.309396044917318,1.47935412712299,-1.96355243545216,0.429021292089127,1.388391698792,-2.09819422741462;
0.840000000000001,0.268265565056653,1.33543525137145,-2.09999703752126,0.361515122037243,1.42658063810343,-2.04474269994535,0.27974795446168,1.48967706356149,-1.93838298728785,0.378482647120308,1.17016289601446,-2.09909711370731;
0.860000000000001,0.181891678879187,1.41771762568573,-2.09999851876063,0.430757561018621,1.23089876791474,-2.07237134997267,0.282360652016454,1.49483853178075,-1.96876464094083,0.343493869393742,0.94323372540236,-2.09954855685366;
0.880000000000001,0.147106183325015,1.45885881284286,-2.09999925938032,0.465378780509311,0.989072633450912,-2.08618567498634,0.244583376907733,1.49741926589037,-1.96808841330489,0.315720039650637,0.762132589505913,-2.09977427842683;
0.900000000000001,0.117485611217599,1.47942940642143,-2.09999962969016,0.482689390254655,0.73918516966983,-2.09309283749317,0.184417575132562,1.49870963294519,-1.93382489732246,0.269346554897645,0.64283870979488,-2.09988713921341;
0.920000000000001,0.0875624214497116,1.48971470321072,-2.09999981484508,0.491344695127328,0.527614857421737,-2.09654641874658,0.133148003584004,1.49935481647259,-1.8986427309679,0.198596343111207,0.595040240508021,-2.09994356960671;
0.940000000000001,0.0559959738893761,1.49485735160536,-2.09999990742254,0.455608279723088,0.361493749254158,-2.09827320937329,0.0823956282763961,1.4996774082363,-1.87013577235575,0.110793960249031,0.626894233932942,-2.09997178480335;
0.960000000000001,0.0220837232194073,1.49742867580268,-2.09999995371127,0.369962545642336,0.240856609162296,-2.09913660468665,0.0194559497549774,1.49983870411815,-1.81857642239747,0.00661764033417141,0.680489102284536,-2.09998589240168;
0.980000000000001,-0.0160380651194986,1.49871433790134,-2.01796945999277,0.275721022491197,0.189497725872499,-2.09956830234332,-0.0820438888214707,1.49991935205907,-1.726923508974,-0.105149717888334,0.751503332098536,-2.09999294620084;
1,-0.0857232344964711,1.49935716895067,-1.86530862187451,0.195778748693337,0.288667961313477,-2.09978415117166,-0.149967509634429,1.49995967602954,-1.64572719113632,-0.225388090889205,0.948362342337873,-2.09999647310042;
1.02,-0.140653758685766,1.49967858447533,-1.73382852094921,0.0803437148045848,0.352959434367295,-2.09989207558583,-0.144581999245849,1.49997983801477,-1.48907831498287,-0.264756564041252,1.12105445455517,-2.09999823655021;
1.04,-0.196978814920276,1.49983929223767,-1.71502382465975,-0.014015036299261,0.485755457568703,-2.09994603779292,-0.129621821375473,1.49998991900738,-1.46257799957346,-0.293856236408291,1.20500798022253,-2.0999991182751;
1.05999999999999,-0.204403075138971,1.49991964611883,-1.66797387008258,-0.0934419253838224,0.627202192054956,-2.09997301889646,-0.150157596335701,1.49999495950369,-1.54177371608293,-0.340853076910047,1.25560931461802,-2.09999955913755;
1.07999999999999,-0.200421652277432,1.49995982305942,-1.61282734947596,-0.178442192245134,0.841030694597348,-2.09998650944823,-0.203551834457066,1.49999747975185,-1.71571290069359,-0.33548079537107,1.28204378732915,-2.09999977956878;
1.09999999999999,-0.185662886838179,1.49997991152971,-1.55223541586818,-0.251166863525216,0.976531089123778,-2.09999325472411,-0.249315764125658,1.49999873987592,-1.9078564503468,-0.310731637710102,1.35628245894549,-2.09999988978439;
1.11999999999999,-0.187284175028434,1.49998995576485,-1.5354100120774,-0.238165049594792,1.07862445154622,-2.09999662736206,-0.275356536714471,1.49999936993796,-2.0039282251734,-0.264288867828134,1.42814122947275,-2.08000234219101;
1.13999999999999,-0.227102387482936,1.49999497788243,-1.68053576413349,-0.203089181205706,1.2440322460673,-2.09999831368103,-0.255544348164517,1.49999968496898,-2.0519641125867,-0.208405627666356,1.45748407499104,-1.97512525246872;
1.15999999999998,-0.329791151550917,1.45342976280596,-1.89026788206674,-0.183730468164422,1.37201612303365,-2.09999915684051,-0.21281959076927,1.44599599583914,-2.07598205629335,-0.169258870809496,1.46632573433771,-1.95204954706795;
1.17999999999998,-0.414895575775458,1.2066360405512,-1.99513394103337,-0.15579236120509,1.43600806151682,-2.09999957842026,-0.165400284629096,1.26691014639521,-2.08799102814667,-0.167115416392297,1.46562018309064,-2.01448045652691;
1.19999999999998,-0.457447787887729,0.906618183425432,-2.04756697051669,-0.128062991353506,1.46800403075841,-2.09999978921013,-0.139113654544468,1.04436283569527,-2.09399551407334,-0.120937710337147,1.48281009154532,-1.95022498807104;
1.21999999999998,-0.478723893943865,0.630411615754845,-2.07378348525834,-0.106345644818065,1.48400201537921,-2.09999989460506,-0.10315203937417,0.848143404031756,-2.09699775703667,-0.0867905744573997,1.49140504577266,-1.89355316381053;
1.23999999999997,-0.489361946971932,0.417933072043301,-2.08689174262917,-0.0832107154659019,1.4920010076896,-2.09999994730253,-0.0484003344303655,0.721292209280015,-2.09849887851833,-0.0460068271886074,1.49570252288633,-1.84029806365766;
1.25999999999997,-0.454781176046391,0.216811532473982,-2.09344587131459,-0.0432185824777477,1.4960005038448,-2.09999997365127,0.0130185507175184,0.635682347244263,-2.09924943925917,0.0106517786616701,1.49785126144317,-1.8007108127584;
1.27999999999997,-0.390703504778872,0.100386140096397,-2.09672293565729,0.0185124059485498,1.4980002519224,-2.09999998682563,0.0769404374776709,0.623393158528328,-2.09962471962958,0.07561097596261,1.49892563072158,-1.78153363046596;
1.29999999999997,-0.299123324502473,0.0567889796436878,-2.09836146782865,0.081797945299104,1.4990001259612,-2.03402394589695,0.145700460037511,0.674579584927917,-2.09981235981479,0.14248998867558,1.49946281536079,-1.73397566168283;
1.31999999999997,-0.190511375242951,0.0505307250589655,-2.09918073391432,0.120702575345017,1.4995000629806,-1.87954473166124,0.181902036945483,0.784670588538826,-2.0999061799074,0.207238372500174,1.4997314076804,-1.63843309103834;
1.33999999999996,-0.104999585536362,0.0924491908833646,-2.09959036695716,0.148199693510521,1.4997500314903,-1.78971393241712,0.32273812307937,1.07608780720124,-2.0999530899537,0.240094622937557,1.4998657038402,-1.53351138367945;
1.35999999999996,-0.0521926905648118,0.25945858491884,-2.09979518347858,0.191888905440563,1.49987501574515,-1.71840053118382,0.411369061539685,1.28804390360062,-2.09997654497685,0.26901576249188,1.4999328519201,-1.52534224979427;
1.37999999999996,0.0104042350284156,0.508822989381484,-2.09989759173929,0.247686820464727,1.49993750787257,-1.62749955836492,0.448273713623541,1.34990851843926,-2.09998827248842,0.303713372788756,1.49996642596005,-1.60698073204531;
1.39999999999996,0.114945362162188,0.701681801635589,-2.09994879586965,0.275511725166141,1.49996875393629,-1.57956198470571,0.441312669533023,1.35019708854244,-2.09999413624421,0.363668066780731,1.49998321298002,-1.77313476351983;
1.41999999999995,0.270847529446877,0.928079371133728,-2.09997439793482,0.239610984434038,1.49998437696814,-1.69837504037608,0.415187794574861,1.3913198052957,-2.09999706812211,0.431834033390365,1.49999160649001,-1.93656738175992;
1.43999999999995,0.385423764723439,1.0555459521608,-2.09998719896741,0.200384122187569,1.49999218848407,-1.85163808767194,0.390908561651292,1.43358999784362,-2.09999853406105,0.465917016695183,1.49999580324501,-2.01828369087996;
1.45999999999995,0.342460822829554,1.21983286253593,-2.09999359948371,0.181353177455403,1.49999609424204,-1.97581904383597,0.355469847174675,1.46679499892181,-2.09999926703053,0.442191677903255,1.4999979016225,-2.05914184543998;
1.47999999999995,0.273116249923383,1.35991643126797,-2.09999679974185,0.242859816266764,1.49999804712102,-2.03790952191799,0.279649527297512,1.4833974994609,-2.02199538060465,0.381247659134428,1.49999895081125,-2.07957092271999;
1.49999999999995,0.208488260450202,1.42995821563398,-2.09999839987093,0.371429908133382,1.36595612872027,-2.06895476095899,0.230673735254057,1.48652870244728,-1.97580433045049,0.331047036850234,1.35792728059094,-2.08978546135999;
1.51999999999994,0.150581616730609,1.46497910781699,-2.09999919993546,0.435714954066691,1.15965670103025,-2.0844773804795,0.203769538458709,1.49326435122364,-1.93977261858294,0.306989747387062,1.13816087242266,-2.09489273068;
1.53999999999994,0.124626843616922,1.4824895539085,-2.09999959996773,0.467857477033345,0.931483690709826,-2.09223869023975,0.167909646062316,1.49663217561182,-1.89809327759897,0.292965884855335,0.940974251535041,-2.09744636534;
1.55999999999994,0.1194510970938,1.49124477695425,-2.09999979998387,0.483928738516673,0.715470614418862,-2.09611934511987,0.145149303688736,1.49831608780591,-1.87102265675145,0.265913727606806,0.789773719562343,-2.09872318267;
1.57999999999994,0.0993249981814522,1.49562238847712,-2.09999989999193,0.491964369258336,0.520336432449757,-2.09805967255994,0.11733593226181,1.49915804390296,-1.83066308358946,0.214650684756772,0.689887088066961,-2.099361591335;
1.59999999999993,0.0655212160554478,1.49781119423856,-2.09999994999597,0.495982184629168,0.355474505420893,-2.09902983627997,0.0688570728933143,1.49957902195148,-1.76802475084682,0.132522689184912,0.641196506980372,-2.0996807956675;
1.61999999999993,0.021970520447043,1.49890559711928,-2.09999997499798,0.408493125548227,0.240291230676755,-2.09951491813998,0.00731626972731587,1.49978951097574,-1.69827948028753,0.0358923238920014,0.631210520745969,-2.09984039783375;
1.63999999999993,-0.0430635569342238,1.49945279855964,-1.93466392995524,0.289939307029179,0.178385742901854,-2.09975745906999,-0.0792297280571032,1.49989475548787,-1.63071935382937,-0.0594097903168777,0.69899364666723,-2.09992019891687;
1.65999999999993,-0.107069783103876,1.49972639927982,-1.81354655743444,0.175993416932787,0.225203756689575,-2.099878729535,-0.151403093970873,1.49994737774393,-1.60558842225599,-0.158160374303489,0.92579653837573,-2.09996009945844;
1.67999999999993,-0.153154022640195,1.49986319963991,-1.72037183404368,0.0338138917225429,0.259037830531372,-2.0999393647675,-0.164726661760141,1.49997368887197,-1.48651024601721,-0.215511447260692,1.17662414599603,-2.09998004972922;
1.69999999999992,-0.216588183614714,1.49993159981996,-1.67191632271013,-0.0596718929639544,0.451354743093139,-2.09996968238375,-0.168880449095631,1.49998684443598,-1.4867131705178,-0.262268803750433,1.26668521905514,-2.09999002486461;
1.71999999999992,-0.234145739661208,1.49996579990998,-1.61747020349006,-0.138950469415937,0.649573076292816,-2.09998484119187,-0.177484194417429,1.49999342221799,-1.58766858851379,-0.314631384926516,1.2785103656082,-2.0999950124323;
1.73999999999992,-0.202641916566368,1.49998289995499,-1.59868153117647,-0.258855410775321,0.960486883185776,-2.09999242059594,-0.195107842276311,1.499996711109,-1.78496921199295,-0.310080318012575,1.28939171320342,-2.09999750621615;
1.75999999999992,-0.193476568606136,1.49999144997749,-1.5469876694868,-0.303465431313106,1.06504597378893,-2.09999621029797,-0.229691629802096,1.4999983555545,-1.94248460599647,-0.274584827203919,1.34580637458038,-2.09999875310808;
1.77999999999991,-0.184582678748487,1.49999572498875,-1.57082288355579,-0.261786393215452,1.14998456097207,-2.09999810514898,-0.255051262574846,1.49999917777725,-2.02124230299824,-0.220938920865143,1.40947687150574,-2.08967986347153;
1.79999999999991,-0.215833128429114,1.49999786249437,-1.73259266064043,-0.219862416530745,1.30693425464909,-2.09999905257449,-0.238088234761086,1.49999958888862,-2.06062115149912,-0.14271016830687,1.45473843575287,-1.96599617720581;
1.81999999999991,-0.347446297872394,1.40037147815843,-1.91629633032021,-0.180329575908729,1.40346712732455,-2.09999952628725,-0.181378057648106,1.45183801361011,-2.08031057574956,-0.1136454897845,1.47307646751785,-1.94764213324059;
1.83999999999991,-0.423723148936197,1.17510068027089,-2.00814816516011,-0.15760872024921,1.45173356366227,-2.09999976314362,-0.13227858277627,1.26476387236559,-2.09015528787478,-0.103170823143135,1.48653823375893,-1.96008557558292;
1.85999999999991,-0.461861574468099,0.893117577870238,-2.05407408258005,-0.127979993316667,1.47586678183114,-2.09999988157181,-0.107800323230367,1.04170308264118,-2.09507764393739,-0.0622995771399193,1.49326911687946,-1.88789665341494;
1.8799999999999,-0.480930787234049,0.655033860126907,-2.07703704129003,-0.098030520425805,1.48793339091557,-2.09999994078591,-0.0751694446118379,0.87214534879735,-2.0975388219687,-0.0274896980042782,1.49663455843973,-1.83103400886117;
1.8999999999999,-0.478703184678426,0.458445869644371,-2.08851852064501,-0.0731204168729825,1.49396669545778,-2.09999997039295,-0.0322502462224019,0.744852823024049,-2.09876941098435,0.019466574752553,1.49831727921987,-1.78664801329403;
1.9199999999999,-0.427728929794963,0.266636674980266,-2.09425926032251,-0.0376083934422753,1.49698334772889,-2.09999998519648,0.0204174278102392,0.637116551401742,-2.09938470549217,0.0749893513144174,1.49915863960993,-1.74573879346266;
1.9399999999999,-0.342361009258596,0.142240008403829,-2.09712963016125,0.0263382500352253,1.49849167386445,-2.09999999259824,0.0832014690797564,0.615337899328533,-2.09969235274609,0.145013162633832,1.49957931980497,-1.69351019911475;
1.95999999999989,-0.229026233026667,0.0729949040661116,-2.09856481508063,0.0732404014439279,1.49924583693222,-1.96773567425665,0.135311527796638,0.653685940057667,-2.09984617637304,0.218203667174307,1.49978965990248,-1.59759288977835;
1.97999999999989,-0.107297329341016,0.036921205294622,-2.09928240754031,0.104410147516474,1.49962291846611,-1.83479794972865,0.205945592198795,0.822295353189425,-2.09992308818652,0.274114782100185,1.49989482995124,-1.50344253456222;
1.99999999999989,-0.0602183291488101,0.0928096126380031,-2.09964120377016,0.121548079177014,1.49981145923306,-1.80672086831792,0.352972796099397,1.16114767659471,-2.09996154409326,0.282369156720869,1.49994741497562,-1.44439106124454;
2.01999999999989,-0.0427511714484895,0.265514424982789,-2.09982060188508,0.185678915343817,1.49990572961653,-1.71400262741677,0.426486398049699,1.33057383829736,-2.09998077204663,0.309302142084952,1.49997370748781,-1.46422413283494;
2.03999999999989,0.0319590569244521,0.530398733438613,-2.09991030094254,0.247304744403629,1.49995286480826,-1.60648571546342,0.43261572900837,1.38608520892453,-2.09999038602332,0.353577107400356,1.49998685374391,-1.56691383269383;
2.05999999999988,0.144786984955604,0.76223943880278,-2.09995515047127,0.270300474008455,1.49997643240413,-1.61942784485949,0.420321779566136,1.38152159883177,-2.09999519301166,0.423650803074568,1.49999342687195,-1.75928999258555;
2.07999999999988,0.322393492477802,0.98397194470504,-2.09997757523564,0.221812361399598,1.49998821620207,-1.71991126983232,0.397519419350786,1.44076079941589,-2.09999759650583,0.461825401537284,1.49999671343598,-1.92964499629277;
2.09999999999988,0.411196746238901,1.1231529013591,-2.09998878761782,0.168312104304764,1.49999410810103,-1.89163198097977,0.392854327042184,1.47038039970794,-2.09999879825291,0.480912700768642,1.49999835671799,-2.01482249814639;
2.11999999999988,0.340975966159917,1.2810719021299,-2.09999439380891,0.19409238962339,1.49999705405052,-1.99581599048989,0.360616080204289,1.48519019985397,-2.09357926362841,0.433238626061048,1.49999917835899,-2.05741124907319;
2.13999999999988,0.261608704181719,1.39053595106495,-2.09999719690445,0.269829216738575,1.49999852702526,-2.04790799524494,0.276280942876955,1.49259509992699,-1.98323423621103,0.370901589660926,1.48216461584423,-2.0787056245366;
2.15999999999987,0.20649602346232,1.44526797553247,-2.09999859845223,0.384914608369288,1.35054065846159,-2.07395399762247,0.232856401661943,1.49629754996349,-1.92989728330098,0.330956001415393,1.33428376637625,-2.0893528122683;
2.17999999999987,0.164365399741185,1.47263398776624,-2.09999929922611,0.442457304184644,1.14298359286166,-2.08697699881124,0.205552976955926,1.49814877498175,-1.89777158438425,0.308401396341394,1.12068249743545,-2.09467640613415;
2.19999999999987,0.139484931659228,1.48631699388312,-2.09999964961306,0.471228652092322,0.920982763823752,-2.09348849940562,0.172965512687939,1.49907438749087,-1.85318512290349,0.293524700436627,0.92485795212966,-2.09733820306707;
2.21999999999987,0.134084179019693,1.49315849694156,-2.09999982480653,0.485614326046161,0.718843399314525,-2.09674424970281,0.148333925214895,1.49953719374544,-1.81618223771269,0.261504789011496,0.777571968203692,-2.09866910153354;
2.23999999999986,0.109670837926747,1.49657924847078,-2.09999991240326,0.49280716302308,0.541851680888952,-2.0983721248514,0.117732883794849,1.49976859687272,-1.76021759502498,0.199264827080974,0.677760567250802,-2.09933455076677;
2.25999999999986,0.0680494599580176,1.49828962423539,-2.09999995620163,0.467433416258855,0.387386855192096,-2.0991860624257,0.0645020883300624,1.49988429843636,-1.68382826741739,0.112979334746008,0.618559573085583,-2.09966727538338;
2.27999999999986,0.0118556001305286,1.49914481211769,-2.06467916563706,0.368199776118777,0.272559241805032,-2.09959303121285,0.00151391054286171,1.49994214921818,-1.60994777826569,0.0151461768916271,0.612635489300627,-2.09983363769169;
2.29999999999986,-0.0577427862823157,1.49957240605885,-1.90492926635124,0.244478021117936,0.2100832841563,-2.09979651560643,-0.0851641403382341,1.49997107460909,-1.56824058665882,-0.0753418790911127,0.726927117504546,-2.09991681884585;
2.31999999999986,-0.118073730406173,1.49978620302942,-1.7717230831473,0.127673450560814,0.258364255317438,-2.09989825780321,-0.148960272607472,1.49998553730454,-1.5563511121971,-0.180377603154107,0.987369515497421,-2.09995840942292;
2.33999999999985,-0.166302318541709,1.49989310151471,-1.68835374439204,-0.00519849605786533,0.320332632009381,-2.09994912890161,-0.153716094164682,1.49999276865227,-1.46406274977836,-0.231975407888852,1.21255672077285,-2.09997920471146;
2.35999999999985,-0.225007214530559,1.49994655075736,-1.62761178773862,-0.0911281982433187,0.506154613467154,-2.0999745644508,-0.169271232917226,1.49999638432614,-1.48403703244285,-0.27653005614398,1.27276527931266,-2.09998960235573;
2.37999999999985,-0.222904264919088,1.49997327537868,-1.59363404071441,-0.188069644737809,0.733887448296993,-2.0999872822254,-0.185988533414561,1.49999819216307,-1.60226084724941,-0.30964739091455,1.29586813474682,-2.09999480117787;
2.39999999999985,-0.183208011384868,1.49998663768934,-1.57060658040698,-0.311694958591744,1.02230346321367,-2.0999936411127,-0.203833936411718,1.49999909608153,-1.82643038996,-0.306362885272796,1.3259593488027,-2.09999740058893;
2.41999999999984,-0.17952937304778,1.49999331884467,-1.56449712143866,-0.315622528982304,1.12037159263741,-2.09999682055635,-0.24075838742583,1.49999954804077,-1.96321519498,-0.257068697828201,1.40358242994792,-2.09999870029447;
2.43999999999984,-0.19490387529037,1.49999665942233,-1.66957867258056,-0.251341068244051,1.24066494136875,-2.09999841027818,-0.241998005797113,1.49999977402038,-2.03160759749,-0.207055333563759,1.45179121497396,-2.02906545384406;
2.45999999999984,-0.284213488548505,1.49999832971117,-1.8754861479663,-0.206646038043534,1.37033247068438,-2.09999920513909,-0.206101893628461,1.49823706772003,-2.065803798745,-0.158451315616108,1.47589560748698,-1.94061983815669;
2.47999999999984,-0.392106744274253,1.3111818604828,-1.98774307398315,-0.178033466810006,1.43516623534219,-2.09999960256954,-0.151857037765196,1.35469026876526,-2.0829018993725,-0.130632155763376,1.48794780374349,-1.9467585444045;
2.49999999999984,-0.446053372137126,1.05574019144779,-2.04387153699158,-0.155675040718922,1.46758311767109,-2.09999980128477,-0.113755815735664,1.12277321076908,-2.09145094968625,-0.111712769680852,1.49397390187174,-1.92290425894618;
2.51999999999983,-0.473026686068563,0.790100131386544,-2.07193576849579,-0.124409849165384,1.48379155883555,-2.09999990064239,-0.0883022592024036,0.921713769840789,-2.09572547484313,-0.0694796504644723,1.49698695093587,-1.84368265568197;
2.53999999999983,-0.486513343034282,0.58770550387801,-2.08596788424789,-0.101236526726934,1.49189577941777,-2.09999995032119,-0.0551053098865364,0.788222238623893,-2.09786273742156,-0.0174734068944142,1.49849347546794,-1.76741367428988;
2.55999999999983,-0.46799236544872,0.399262797324366,-2.09298394212395,-0.0774217818971734,1.49594788970889,-2.0999999751606,-0.00778742422799339,0.673590029877323,-2.09893136871078,0.0328442495547689,1.49924673773397,-1.74184040650472;
2.57999999999983,-0.409021626755122,0.230769735320661,-2.09649197106197,-0.019504356324487,1.49797394485444,-2.0999999875803,0.044305686403612,0.598475394448587,-2.09946568435539,0.0827497014146525,1.49962336886698,-1.70452660731845;
2.59999999999982,-0.315414093158903,0.128865221015738,-2.09824598553099,0.0580063987077211,1.49898697242722,-2.0351263341794,0.10251536699598,0.596293910245572,-2.0997328421777,0.148155575232778,1.49981168443349,-1.63796468805458;
2.61999999999982,-0.193313188265891,0.0648794307669633,-2.09912299276549,0.101539607062982,1.49949348621361,-1.89484007346082,0.159073206645573,0.682029887115198,-2.09986642108885,0.215205724456446,1.49990584221675,-1.54906464656783;
2.63999999999982,-0.0833478473182176,0.0402667946795938,-2.09956149638275,0.124542894370877,1.49974674310681,-1.78745042079413,0.253476148477358,0.92735720677934,-2.09993321054442,0.254685493816205,1.49995292110837,-1.47302369098163;
2.65999999999982,-0.0478497862098443,0.134076372145629,-2.09978074819137,0.151758986715239,1.4998733715534,-1.74053769406539,0.376738074238679,1.21367860338967,-2.09996660527221,0.282606867010031,1.49997646055419,-1.44092376937616;
2.67999999999982,-0.00644313570250209,0.375980429529655,-2.09989037409569,0.214665027262649,1.4999366857767,-1.66656717656484,0.438369037119339,1.35683930169483,-2.09998330263611,0.330513924685436,1.49998823027709,-1.51108097190732;
2.69999999999981,0.0724188316047731,0.64513360792374,-2.09994518704784,0.271651079953651,1.49996834288835,-1.5780852643695,0.448973770840859,1.42108452444742,-2.09999165131805,0.394825520081976,1.49999411513855,-1.65763216195044;
2.71999999999981,0.226801926502612,0.905018701821444,-2.09997259352392,0.259745985419025,1.49998417144418,-1.64258730848861,0.420312409750568,1.44677544894551,-2.09999582565903,0.447412760040988,1.49999705756927,-1.86567989079921;
2.73999999999981,0.363400963251306,1.1147287858873,-2.09998629676196,0.203144736960764,1.49999208572209,-1.80759710888184,0.393832824405008,1.47338772447276,-2.09999791282951,0.473706380020494,1.49999852878464,-1.98283994539961;
2.75999999999981,0.38595150396452,1.24689116544273,-2.09999314838098,0.163343259431539,1.49999604286104,-1.95379855444092,0.393279093591359,1.48669386223638,-2.09999895641476,0.462693238800225,1.49999926439232,-2.0414199726998;
2.7799999999998,0.305175220594931,1.37344558272137,-2.09999657419049,0.229708030987589,1.49999802143052,-2.02689927722046,0.334845404072596,1.49334693111819,-2.04134990249708,0.405135422023861,1.49999963219616,-2.0707099863499;
2.7999999999998,0.244046480469966,1.43672279136068,-2.09999828709525,0.336958116674825,1.43405758157708,-2.06344963861023,0.264117321691907,1.49667346555909,-1.95074866550483,0.356968147890135,1.42109755960928,-2.08535499317495;
2.8199999999998,0.191088508274686,1.46836139568034,-2.09999914354762,0.418479058337413,1.24578552849758,-2.08172481930511,0.232650327544409,1.49833673277955,-1.92264554866809,0.324422713585876,1.23131211443656,-2.09267749658748;
2.8399999999998,0.162203920437163,1.48418069784017,-2.09999957177381,0.459239529168706,1.03045913580889,-2.09086240965256,0.196387602021793,1.49916836638977,-1.87311637584696,0.305920770798217,1.03243115864154,-2.09633874829374;
2.8599999999998,0.148431833065185,1.49209034892009,-2.09999978588691,0.479619764584353,0.815017709155055,-2.09543120482628,0.163600172365953,1.49958418319489,-1.83659484478001,0.285470122413879,0.858783988763673,-2.09816937414687;
2.87999999999979,0.131742583650665,1.49604517446004,-2.09999989294345,0.489809882292177,0.617432050416456,-2.09771560241314,0.135072692317391,1.49979209159744,-1.78113345847609,0.235195090332153,0.731633203531197,-2.09908468707343;
2.89999999999979,0.0937487966509245,1.49802258723002,-2.09999994647173,0.494904941146088,0.445693471287482,-2.09885780120657,0.0922270260664944,1.49989604579872,-1.70535483532192,0.160293602724136,0.648884406340565,-2.09954234353672;
2.91999999999979,0.0444447204814147,1.49901129361501,-2.09999997323586,0.429594435008622,0.311480690168735,-2.09942890060328,0.0380124582679631,1.49994802289936,-1.62506453778864,0.0698453055715866,0.608297852999193,-2.09977117176836;
2.93999999999979,-0.022304310930481,1.49950564680751,-1.96510878059185,0.308160513297844,0.220886695944963,-2.09971445030164,-0.0263749789281904,1.49997401144968,-1.55954114092648,-0.0311678904843178,0.657435925963632,-2.09988558588418;
2.95999999999979,-0.087874847716446,1.49975282340375,-1.81312593744654,0.172101272769833,0.220331269782632,-2.09985722515082,-0.111636456205657,1.49998700572484,-1.53404968625933,-0.126496954885714,0.866151789905186,-2.09994279294209;
2.97999999999978,-0.148134596976814,1.49987641170188,-1.6952425282521,0.0389876719455243,0.275373849412724,-2.09992861257541,-0.144677761174346,1.49999350286242,-1.45972864750341,-0.203845506175157,1.13009354078847,-2.09997139647104;
2.99999999999978,-0.211517700271397,1.49993820585094,-1.63466829490279,-0.0658949269781351,0.426420654426478,-2.09996430628771,-0.165023982811523,1.49999675143121,-1.44152460457541,-0.248645947209893,1.2699310491685,-2.09998569823552;
3.01999999999978,-0.231025752582445,1.49996910292547,-1.58867167672323,-0.14873931596328,0.598544123058747,-2.09998215314385,-0.184479777956283,1.49999837571561,-1.5285272586428,-0.291224581118374,1.299943718821,-2.09999284911776;
3.03999999999978,-0.191424003620095,1.49998455146273,-1.58166596735918,-0.284508236396557,0.940172208490586,-2.09999107657193,-0.201446021866936,1.4999991878578,-1.71724766433651,-0.294935451207533,1.31906559939692,-2.09999642455888;
3.05999999999977,-0.175781864414189,1.49999227573137,-1.56333985326391,-0.339455675357702,1.09786579665672,-2.09999553828596,-0.233886813557217,1.4999995939289,-1.90862383216825,-0.265523255198188,1.39755215881025,-2.09999821227944;
3.07999999999977,-0.183796550874697,1.49999613786568,-1.6444322913771,-0.284079820749225,1.20766297607189,-2.09999776914298,-0.248969118315016,1.49999979696445,-2.00431191608413,-0.228869391843174,1.44877607940512,-2.06904636046368;
3.09999999999977,-0.253464621129029,1.49999806893284,-1.8312643572631,-0.22578527790162,1.35383148803594,-2.09999888457149,-0.216297317603248,1.49999989848223,-2.05215595804206,-0.18413073607509,1.47438803970256,-1.96149769137839;
3.11999999999977,-0.371975459368226,1.38684571987597,-1.96563217863155,-0.191002017765507,1.42691574401797,-2.09999944228575,-0.159391983677455,1.39927411367936,-2.07607797902103,-0.139633636813485,1.48719401985128,-1.93064458524455;
3.13999999999977,-0.435987729684113,1.15251591506703,-2.03281608931578,-0.166150407448046,1.46345787200899,-2.09999972114287,-0.109893071616445,1.18541685785077,-2.08803898951052,-0.120773730447453,1.49359700992564,-1.92052517610426;
3.15999999999976,-0.467993864842056,0.86981007905356,-2.06640804465789,-0.134060326643106,1.48172893600449,-2.09999986057144,-0.0778119119826726,0.956039631715524,-2.09401949475526,-0.0793233306063025,1.49679850496282,-1.84258833268103;
3.17999999999976,-0.483996932421028,0.639335232235749,-2.08320402232894,-0.107451733861027,1.49086446800225,-2.09999993028572,-0.0436364635318528,0.799660441453808,-2.09700974737763,-0.0241632757014438,1.49839925248141,-1.75766953994243;
3.19999999999976,-0.46455804224506,0.453520771492401,-2.09160201116447,-0.0866248067784598,1.49543223400112,-2.09999996514286,0.00240729349404519,0.683988155511793,-2.09850487368881,0.0317960192051329,1.49919962624071,-1.72112979675039;
3.21999999999976,-0.413386225082949,0.272824750656326,-2.09580100558224,-0.0303482632124568,1.49771611700056,-2.09999998257143,0.0510188556589184,0.60483746309468,-2.09925243684441,0.0791353834314544,1.49959981312035,-1.69427184951655;
3.23999999999975,-0.330155722786225,0.148728435394386,-2.09790050279112,0.0468074975269961,1.49885805850028,-2.06962481461755,0.0981832385499029,0.588686974740966,-2.0996262184222,0.137540578278075,1.49979990656018,-1.63017457297619;
3.25999999999975,-0.215466297710557,0.0693751658783456,-2.09895025139556,0.101504643453058,1.49942902925014,-1.9130468801796,0.14726523282323,0.640563145477049,-2.0998131092111,0.202792970852142,1.49989995328009,-1.52888927768258;
3.27999999999975,-0.100444044989655,0.048573557823206,-2.09947512569778,0.133397945410458,1.49971451462507,-1.78746470293102,0.216573490511347,0.824816371599074,-2.09990655460555,0.252841914751175,1.49994997664004,-1.455932821386;
3.29999999999975,-0.0483218311877595,0.114759638055814,-2.09973756284889,0.147992316010817,1.49985725731254,-1.76228894929438,0.358286745255673,1.16240818579954,-2.09995327730278,0.267947887707771,1.49997498832002,-1.40956563728697;
3.31999999999975,-0.0230562019155198,0.30649514006806,-2.09986878142444,0.2089386228339,1.49992862865627,-1.65818903838768,0.425753508659941,1.33120409289977,-2.09997663865139,0.308692960405857,1.49998749416001,-1.46161159986082;
3.33999999999974,0.0476807522870216,0.57372075819588,-2.09993439071222,0.263051634014454,1.49996431432813,-1.55704259696193,0.442509723232558,1.41560204644988,-2.09998831932569,0.368933219743029,1.49999374708001,-1.59187053200515;
3.35999999999974,0.174120310549791,0.813349470017435,-2.09996719535611,0.268318994135065,1.49998215716407,-1.59131833375785,0.428987367414619,1.42990901778137,-2.09999415966285,0.434466609871514,1.49999687354,-1.79833665965454;
3.37999999999974,0.337060155274896,1.0589517218461,-2.09998359767806,0.210461720273099,1.49999107858203,-1.73052014142917,0.39377170695026,1.46495450889068,-2.09999707983142,0.467233304935757,1.49999843677,-1.94916832982727;
3.39999999999974,0.418530077637448,1.2411455563004,-2.09999179883903,0.161565795563261,1.49999553929102,-1.91526007071459,0.385350919431246,1.48247725444534,-2.09999853991571,0.480140514352949,1.499999218385,-2.02458416491363;
3.41999999999973,0.34094971880377,1.3705727781502,-2.09999589941951,0.217029428791305,1.49999776964551,-2.00763003535729,0.345359869334001,1.49123862722267,-2.04381854247601,0.42361890314968,1.4999996091925,-2.06229208245682;
3.43999999999973,0.266019490883056,1.4352863890751,-2.09999794970976,0.336938195383201,1.46083720269385,-2.05381501767865,0.291388766930947,1.49561931361134,-1.96977060889975,0.369804430002727,1.44961604605133,-2.08114604122841;
3.45999999999973,0.211867490373703,1.46764319453755,-2.09999897485488,0.418469097691601,1.289437612606,-2.07690750883932,0.256293646179859,1.49780965680567,-1.9292016558636,0.338050882813711,1.27195040946213,-2.0905730206142;
3.47999999999973,0.179172089379356,1.48382159726878,-2.09999948742744,0.4592345488458,1.07065854207323,-2.08845375441966,0.218861135881754,1.49890482840283,-1.87263107562009,0.32147081017364,1.06563753368957,-2.0952865103071;
3.49999999999973,0.160266717812084,1.49191079863439,-2.09999974371372,0.4796172744229,0.846827087480057,-2.09422687720983,0.18545743795316,1.49945241420142,-1.83310572934123,0.304882698654478,0.884838717592277,-2.09764325515355;
3.51999999999972,0.146203994224798,1.49595539931719,-2.09999987185686,0.48980863721145,0.641109137573952,-2.09711343860492,0.159074388007723,1.49972620710071,-1.7746207914351,0.258172114193114,0.757264393276234,-2.09882162757678;
3.53999999999972,0.111064226364261,1.4979776996586,-2.09999993592843,0.494904318605725,0.464069058914539,-2.09855671930246,0.118011567225259,1.49986310355035,-1.70062185633176,0.189757367521362,0.666166925284395,-2.09941081378839;
3.55999999999972,0.0612445967074065,1.4989888498293,-2.09999996796421,0.460407710450323,0.326000179062067,-2.09927835965123,0.0638350984107462,1.49993155177518,-1.61404082530733,0.105097013786354,0.612615168021684,-2.09970540689419;
3.57999999999972,-0.00472133553644873,1.49949442491465,-2.00098126716997,0.349942188450412,0.233360440139859,-2.09963917982561,0.0074130572205289,1.49996577588759,-1.54150492426751,0.00340555492784485,0.637284031473877,-2.0998527034471;
3.59999999999971,-0.0811298854977928,1.49974721245732,-1.84102749023629,0.203477467392244,0.195876482429549,-2.09981958991281,-0.0784569232997545,1.49998288794379,-1.48906492529809,-0.0815437587909604,0.802526523154617,-2.09992635172355;
3.61999999999971,-0.141551833541743,1.49987360622866,-1.71075944649077,0.0687672728768776,0.277196635456107,-2.0999097949564,-0.12679593291567,1.4999914439719,-1.47716472118347,-0.185518035134311,1.08936109616441,-2.09996317586177;
3.63999999999971,-0.205110783771451,1.49993680311433,-1.63276885696697,-0.0491548493270184,0.406854812130939,-2.0999548974782,-0.159377441240779,1.49999572198595,-1.45031484648213,-0.226961314301012,1.26126644648156,-2.09998158793089;
3.65999999999971,-0.235907354452101,1.49996840155717,-1.59025798637891,-0.139344899791683,0.572732048705524,-2.0999774487391,-0.182695058501478,1.49999786099297,-1.52280390702002,-0.265880442669152,1.30183593053143,-2.09999079396544;
3.67999999999971,-0.199716258097633,1.49998420077858,-1.58424791643632,-0.274308899709684,0.909340896941873,-2.09998872436955,-0.198442620593665,1.49999893049649,-1.6970170043027,-0.279700716043591,1.32629951843878,-2.09999539698272;
3.6999999999997,-0.1770335841422,1.49999210038929,-1.56303063978559,-0.344495043192855,1.09130266444765,-2.09999436218478,-0.227506901899158,1.49999946524824,-1.89850850215135,-0.260412751687109,1.41043332521747,-2.09999769849136;
3.7199999999997,-0.182807148707147,1.49999605019465,-1.64933388108912,-0.292259084897514,1.20575348504823,-2.09999718109239,-0.243028241236597,1.49999973262412,-1.99925425107568,-0.22699151111272,1.45521666260873,-2.06723575553573;
3.7399999999997,-0.246838080293057,1.49999802509732,-1.83924508032651,-0.231803185799358,1.35287674252411,-2.09999859054619,-0.208607842246487,1.49999986631206,-2.04962712553784,-0.184764130476251,1.47760833130437,-1.95423448066551;
3.7599999999997,-0.363120244446455,1.37963536580298,-1.96962254016326,-0.192062495876669,1.42643837126206,-2.0999992952731,-0.145607861538626,1.40026365390684,-2.07481356276892,-0.134306981147893,1.48880416565218,-1.92239573588291;
3.77999999999969,-0.431560122223228,1.13660855392562,-2.03481127008163,-0.161592710579097,1.46321918563103,-2.09999964763655,-0.0917156235674507,1.17925084467364,-2.08740678138446,-0.115722795517031,1.49440208282609,-1.91465538437326;
3.79999999999969,-0.465780061111614,0.853268179793888,-2.06740563504081,-0.128605194372266,1.48160959281551,-2.09999982381827,-0.0590467426826302,0.949605151318674,-2.09370339069223,-0.0718974672708828,1.49720104141305,-1.83864524809102;
3.81999999999969,-0.482890030555807,0.631181155393389,-2.08370281752041,-0.104468988320395,1.49080479640776,-2.09999991190914,-0.028021914991227,0.794824362945142,-2.09685169534611,-0.0168046557383696,1.49860052070652,-1.75056664569964;
3.83999999999969,-0.453876689281505,0.450720321511163,-2.0918514087602,-0.0858709341988786,1.49540239820388,-2.09999995595457,0.0167588597374722,0.680243102288039,-2.09842584767306,0.0384807443878572,1.49930026035326,-1.71423713974054;
3.85999999999969,-0.400153845949193,0.271351962971158,-2.0959257043801,-0.035644759645354,1.49770119910194,-2.09999997797728,0.0537852957764052,0.596881078469649,-2.09921292383653,0.089752731336232,1.49965013017663,-1.66625317837742;
3.87999999999968,-0.323887445530902,0.145565786802504,-2.09796285219005,0.0468590655375067,1.49885059955097,-2.06489543409706,0.0975688148994636,0.57254312276239,-2.09960646191826,0.144962081915675,1.49982506508832,-1.59621671913041;
3.89999999999968,-0.214967614214425,0.0730051948844063,-2.09898142609503,0.10888223719838,1.49942529977548,-1.90508773670376,0.153398600889215,0.628884131160353,-2.09980323095913,0.205360803607373,1.49991253254416,-1.50359200476594;
3.91999999999968,-0.103709779878857,0.060382518878513,-2.09949071304751,0.140396850467934,1.49971264988774,-1.78819854133219,0.22248862091351,0.811940589769172,-2.09990161547957,0.252658817769721,1.49995626627208,-1.44004291414711;
3.93999999999968,-0.0492525499564422,0.132152502591875,-2.09974535652376,0.160844136655933,1.49985632494387,-1.74350017544076,0.361244310456755,1.15597029488459,-2.09995080773978,0.269382790327884,1.49997813313604,-1.40193396568047;
3.95999999999967,-0.0179669508090622,0.318424054411782,-2.09987267826188,0.218260174483362,1.49992816247194,-1.63721462531112,0.420990397492171,1.32798514744229,-2.09997540386989,0.30999558627646,1.49998906656802,-1.4506726662802;
3.97999999999967,0.0528848774854836,0.578126905574269,-2.09993633913094,0.262534995421918,1.49996408123597,-1.53839877492797,0.44762161590612,1.41399257372115,-2.09998770193495,0.370597287118638,1.49999453328401,-1.59045492909786;
3.99999999999967,0.181147767684087,0.816387014693949,-2.09996816956547,0.261923744849936,1.49998204061798,-1.57835089835828,0.434774791488827,1.45062832926856,-2.09999385096747,0.435298643559319,1.499997266642,-1.80038189541517;
4.01999999999968,0.340573883842044,1.06923920765864,-2.09998408478273,0.20435926922787,1.49999102030899,-1.73656087355468,0.396118510608763,1.47531416463428,-2.09999692548374,0.467649321779659,1.499998633321,-1.95019094770759;
4.03999999999968,0.4167417720907,1.26181206531995,-2.09999204239137,0.162854056401197,1.4999955101545,-1.91828043677734,0.386071385564849,1.48765708231714,-2.09999846274187,0.483592660538878,1.4999993166605,-2.02509547385379;
4.05999999999969,0.340026395517243,1.38090603265997,-2.09999602119568,0.223876411936255,1.49999775507725,-2.00914021838867,0.347228362174057,1.49382854115857,-2.03841674950982,0.425334354694945,1.49999965833025,-2.0625477369269;
4.0799999999997,0.268994835713333,1.44045301632999,-2.09999801059784,0.350218626271472,1.4524492483272,-2.05457010919433,0.295774932906639,1.49691427057929,-1.96946413828564,0.373404327062896,1.44224711262383,-2.08127386846345;
4.0999999999997,0.215309944797966,1.47022650816499,-2.09999900529892,0.425109313135736,1.28424315357873,-2.07728505459717,0.26119857361198,1.49845713528964,-1.92460160411215,0.344335067584183,1.26032699745495,-2.09063693423172;
4.11999999999971,0.186175134504543,1.4851132540825,-2.09999950264946,0.462554656567868,1.06812405836915,-2.08864252729858,0.224615589630011,1.49922856764482,-1.87151479798961,0.327840625203682,1.06135145476261,-2.09531846711586;
4.13999999999972,0.172752996844404,1.49255662704125,-2.09999975132473,0.481277328283934,0.848402566971057,-2.09432126364929,0.190742263322772,1.49961428382241,-1.81698723772371,0.308286426741398,0.890976185976464,-2.09765923355793;
4.15999999999972,0.151943867883262,1.49627831352062,-2.09999987566237,0.490638664141967,0.637360689670678,-2.09716063182465,0.161461025240869,1.49980714191121,-1.74865205158395,0.259589032271761,0.763736636131504,-2.09882961677897;
4.17999999999973,0.112847618202953,1.49813915676031,-2.09999993783118,0.495319332070983,0.453504585043011,-2.09858031591232,0.120115144134984,1.4999035709556,-1.67633877033791,0.193744177390763,0.668953687295069,-2.09941480838948;
4.19999999999974,0.0644478829406641,1.49906957838016,-2.09999996891559,0.464925658200104,0.316225349314719,-2.09929015795616,0.0688703837401794,1.4999517854778,-1.59002914843361,0.110922332788323,0.616731938890988,-2.09970740419474;
4.21999999999974,-0.00283302686100494,1.49953478919008,-1.99655006165773,0.353054629312912,0.228634673062816,-2.09964507897808,0.0158229051235878,1.4999758927389,-1.51573562531372,0.00899881411831307,0.64619962730625,-2.09985370209737;
4.23999999999975,-0.0828134555691744,1.49976739459504,-1.83707393226758,0.200318698161323,0.191919651480444,-2.09982253948904,-0.0665356297193188,1.49998794636945,-1.45767314090679,-0.0768185851512316,0.817469228101863,-2.09992685104869;
4.25999999999976,-0.142910068982555,1.49988369729752,-1.7014853714294,0.0600807347265281,0.276746256575946,-2.09991126974452,-0.115101939186365,1.49999397318473,-1.44589796192621,-0.180594129440087,1.0997428957587,-2.09996342552434;
4.27999999999976,-0.213334633585668,1.49994184864876,-1.62262266940806,-0.0520928554551106,0.413064814322175,-2.09995563487226,-0.158430661432401,1.49999698659236,-1.43608440521943,-0.224581127105603,1.27663472016481,-2.09418987578517;
4.29999999999977,-0.236810057996142,1.49997092432438,-1.58739457461702,-0.145577243805741,0.581701422650606,-2.09997781743613,-0.184562825795241,1.49999849329618,-1.52392917456025,-0.258884534805243,1.31978813568665,-2.09709493789258;
4.31999999999978,-0.19637308281582,1.49998546216219,-1.58312586711579,-0.292875477791237,0.935925555685655,-2.09998890871806,-0.200752537069831,1.49999924664809,-1.72262792975601,-0.267427873596164,1.34165645321167,-2.09854746894629;
4.33999999999978,-0.177383029073086,1.49999273108109,-1.57442007222143,-0.354362934589588,1.12383129619534,-2.09999445435903,-0.236643947272556,1.49999962332405,-1.91131396487801,-0.244372565738664,1.42082822660584,-2.09927373447315;
4.35999999999979,-0.186826913162871,1.49999636554055,-1.69048222382052,-0.292238966703516,1.24071172487226,-2.09999722717952,-0.239619182899126,1.49999981166202,-2.005656982439,-0.220228301282876,1.46041411330292,-2.04854402203508;
4.3799999999998,-0.270776594780288,1.49999818277027,-1.8939664725422,-0.227105376362851,1.37035586243613,-2.09999861358976,-0.198606620706384,1.49999990583101,-2.0528284912195,-0.178517521021839,1.48020705665146,-1.94566666910622;
4.3999999999998,-0.385388297390144,1.34518668985201,-1.9969832362711,-0.187889528095747,1.43517793121807,-2.09999930679488,-0.133438767034443,1.37699356139024,-2.07641424560975,-0.134228335319994,1.49010352832573,-1.926199137318;
4.41999999999981,-0.442694148695072,1.09447793829358,-2.04849161813555,-0.162244642883552,1.46758896560903,-2.09999965339744,-0.084058573910908,1.14630772203366,-2.08820712280488,-0.109971848576783,1.49505176416286,-1.89065248923891;
4.43999999999982,-0.471347074347536,0.822613474070611,-2.07424580906778,-0.127316434934742,1.48379448280452,-2.09999982669872,-0.0516869768099567,0.922137607038815,-2.09410356140244,-0.066576570197701,1.49752588208143,-1.81509758808908;
4.45999999999982,-0.48100132457306,0.613049535125287,-2.08712290453389,-0.10307727364451,1.49189724140226,-2.09999991334936,-0.0187930184402357,0.777892682403723,-2.09705178070122,-0.0101481508834956,1.49876294104072,-1.73164648105053;
4.47999999999983,-0.445725896318207,0.424958725854651,-2.09356145226694,-0.0820844210572557,1.49594862070113,-2.09999995667468,0.0233734372358377,0.661264218613704,-2.09852589035061,0.0450408083387316,1.49938147052036,-1.69051644945814;
4.49999999999984,-0.390176600197678,0.251314924202808,-2.09678072613347,-0.0244837433788933,1.49797431035056,-2.09999997833734,0.055499867950919,0.579871652387182,-2.0992629451753,0.0951779583189935,1.49969073526018,-1.63095622954107;
4.51999999999984,-0.313174428333702,0.138838659744684,-2.09839036306674,0.0596942934049289,1.49898715517528,-2.03106877316716,0.102070466058971,0.567397930156489,-2.09963147258765,0.149335996066235,1.49984536763009,-1.55882201863993;
4.53999999999985,-0.205577867920132,0.0906504089739044,-2.09919518153337,0.119314063025173,1.49949357758764,-1.88374031240584,0.170765963086248,0.654524206211815,-2.09981573629383,0.199973595815253,1.49992268381504,-1.48877851105565;
4.55999999999986,-0.0917192892705059,0.0849848834229569,-2.09959759076668,0.144719867921201,1.49974678879382,-1.78058321801246,0.240233972315371,0.858176195169811,-2.09990786814691,0.247770940401828,1.49996134190752,-1.42441175449309;
4.57999999999986,-0.038548192008071,0.175241796550803,-2.09979879538334,0.170974828112288,1.49987339439691,-1.72189371450454,0.370116986157686,1.17908809758491,-2.09995393407346,0.274646447469133,1.49998067095376,-1.40074338847606;
4.59999999999987,-0.00343256901886702,0.377891757278469,-2.09989939769167,0.225010805779777,1.49993669719846,-1.60754549715027,0.431729282797471,1.33954404879245,-2.09997696703673,0.323364082956979,1.49999033547688,-1.47185446512803;
4.61999999999988,0.0724712874929774,0.630285454883589,-2.09994969884584,0.2611185983092,1.49996834859923,-1.52716076703422,0.457740189761467,1.41977202439623,-2.09998848351836,0.391391957593296,1.49999516773844,-1.62703054195694;
4.63999999999988,0.220803662659758,0.887693250722892,-2.09997484942292,0.244816353483518,1.49998417429961,-1.61079027221378,0.425372942552242,1.45988601219811,-2.09999424175918,0.445695978796648,1.49999758386922,-1.85433423045304;
4.65999999999989,0.360401831329879,1.14623237279415,-2.09998742471146,0.193317073664824,1.49999208714981,-1.81055035375444,0.394489454560118,1.47994300609906,-2.09999712087959,0.472847989398324,1.49999879193461,-1.97716711522652;
4.6799999999999,0.387953305572776,1.32311618639708,-2.09999371235573,0.16643705550917,1.4999960435749,-1.95527517687722,0.386964864399352,1.48997150304953,-2.0999985604398,0.470932227769536,1.49999939596731,-2.03858355761326;
4.6999999999999,0.312092919513836,1.41155809319854,-2.09999685617786,0.241914444884102,1.49999802178745,-2.02763758843861,0.333288316560943,1.49498575152476,-2.01463908696733,0.412259443600497,1.49999969798365,-2.06929177880663;
4.71999999999991,0.253117351614065,1.45577904659927,-2.09999842808893,0.370957222442051,1.41803524527254,-2.06381879421931,0.291107199109176,1.49749287576238,-1.96029327881616,0.371251579920213,1.40904721418042,-2.08464588940331;
4.73999999999992,0.205133924525294,1.47788952329963,-2.09999921404447,0.435478611221025,1.23798918740602,-2.08190939710965,0.255315619665672,1.49874643788119,-1.90683637148282,0.345812049706658,1.21346194048236,-2.09232294470166;
4.75999999999992,0.184927529117124,1.48894476164982,-2.09999960702223,0.467739305610513,1.01942893572972,-2.09095469855483,0.219626871922756,1.4993732189406,-1.85325177255343,0.330377436081509,1.0174962426201,-2.09616147235083;
4.77999999999993,0.173706416497954,1.49447238082491,-2.09999980351112,0.483869652805256,0.79710978422724,-2.09547734927741,0.189578518559111,1.4996866094703,-1.79816562803125,0.303106706341078,0.852597634244734,-2.09808073617541;
4.79999999999994,0.143678584998016,1.49723619041245,-2.09999990175556,0.491934826402628,0.586851865818912,-2.09773867463871,0.159533995235747,1.49984330473515,-1.72521573440003,0.248632897237922,0.736690365398315,-2.09904036808771;
4.81999999999994,0.104297771903457,1.49861809520623,-2.09999995087778,0.495967413201314,0.410513583208528,-2.09886933731935,0.116981137913856,1.49992165236757,-1.64913155205929,0.179507088114811,0.65449747399707,-2.09952018404385;
4.83999999999995,0.0491312112672041,1.49930904760311,-2.09999997543889,0.449119918949595,0.286124392045243,-2.09943466865968,0.0630099872859285,1.49996082618379,-1.56152597550493,0.0954826191316011,0.621469738862015,-2.09976009202193;
4.85999999999996,-0.0275921111174966,1.49965452380156,-1.93804903888503,0.325566168133016,0.204048154598824,-2.09971733432984,0.00695906450907218,1.49998041309189,-1.47684607150128,-0.00725311382363426,0.667423688884128,-2.09988004601096;
4.87999999999996,-0.102396493199892,1.49982726190078,-1.79598075282474,0.167904587762354,0.202805559757527,-2.09985866716492,-0.0694980094305683,1.49999020654595,-1.4297352027991,-0.101429417648664,0.888812345025712,-2.09994002300548;
4.89999999999997,-0.164025468947206,1.49991363095039,-1.6643204036201,0.0275307386004914,0.315691932500986,-2.09992933358246,-0.115908261411985,1.49999510327297,-1.42146492660535,-0.194787165184195,1.16046163725742,-2.09355465033674;
4.91999999999998,-0.233240594924347,1.49995681547519,-1.58635711153199,-0.0734825102049118,0.467218784720494,-2.09996466679123,-0.166027072009246,1.49999755163649,-1.44638705283648,-0.231447630653469,1.29501073205416,-2.08516069580626;
4.93999999999998,-0.229818415672013,1.4999784077376,-1.56851271952117,-0.18014847594291,0.668944512918986,-2.09998233339561,-0.190769750146469,1.49999877581824,-1.56543210163835,-0.25829272068028,1.33118402880403,-2.09258034790313;
4.95999999999999,-0.183558802619789,1.4999892038688,-1.57721349728567,-0.340062812953144,1.03722675398757,-2.09999116669781,-0.211615367665092,1.49999938790912,-1.80211032934548,-0.255437475624106,1.35472886523591,-2.09629017395157;
4.98,-0.164820630557941,1.4999946019344,-1.59763915157548,-0.345186612203196,1.16858718671287,-2.0999955833489,-0.249047794706722,1.49999969395456,-1.95105516467274,-0.22881669828416,1.42736443261795,-2.09814508697578;
5,-0.182160123590433,1.4999973009672,-1.74379058289643,-0.270811062849797,1.30105687517864,-2.09999779167445,-0.233300149623106,1.49999984697728,-2.02552758233637,-0.189523572072988,1.46368221630898,-2.00789018641506;
5.02000000000001,-0.297401329876882,1.4999986504836,-1.92189529144821,-0.21218783666553,1.40052843758932,-2.09999889583723,-0.176959889026259,1.48293224074557,-2.06276379116819,-0.146022693686488,1.48184110815449,-1.93072357063787;
5.04000000000002,-0.398700664938441,1.28643116828417,-2.01094764572411,-0.177783131847093,1.45026421879466,-2.09999944791861,-0.11326410149126,1.31698851336099,-2.08138189558409,-0.125425497081281,1.49092055407724,-1.93287366571673;
5.06000000000002,-0.44935033246922,1.00527701242077,-2.05547382286205,-0.151984532003258,1.47513210939733,-2.09999972395931,-0.0725914889801977,1.07434472019005,-2.09069094779205,-0.0877139030826099,1.49546027703862,-1.85933024854784;
5.08000000000003,-0.47467516623461,0.749941190398275,-2.07773691143103,-0.121407573285031,1.48756605469866,-2.09999986197965,-0.0406935389267622,0.871389112743381,-2.09534547389602,-0.0423288952773813,1.49773013851931,-1.76789644346299;
5.10000000000004,-0.47002193789941,0.559389112550288,-2.08886845571551,-0.101885364086592,1.49378302734933,-2.09999993098983,-0.00407363779481345,0.741330726878168,-2.09767273694801,0.0115897727277873,1.49886506925966,-1.70626064829857;
5.12000000000004,-0.428245059754759,0.372543208876386,-2.09443422785776,-0.0676480889475165,1.49689151367467,-2.09999996549491,0.0354959559086159,0.632942015894414,-2.09883636847401,0.0622112119330465,1.49943253462983,-1.66288998570458;
5.14000000000005,-0.36591435755606,0.21782886638201,-2.09721711392888,0.00102222441852995,1.49844575683733,-2.09999998274746,0.073172895890633,0.569352812055827,-2.099418184237,0.114767679578736,1.49971626731491,-1.59486368445762;
5.16000000000006,-0.274767189449645,0.116585515210811,-2.09860855696444,0.0791151475867674,1.49922287841867,-1.97338247032614,0.123073748341282,0.574218213798642,-2.0997090921185,0.173362288180329,1.49985813365746,-1.50681999697391;
5.18000000000006,-0.163345862838913,0.0867215624798257,-2.09930427848222,0.128384747503253,1.49961143920933,-1.8350897179626,0.194286653395037,0.7033099384318,-2.09985454605925,0.220011696668137,1.49992906682873,-1.43945811576696;
5.20000000000007,-0.066498112188423,0.110915147828505,-2.09965213924111,0.151622951029764,1.49980571960467,-1.77008657686822,0.284058195052316,0.97182360744527,-2.09992727302963,0.25317288391375,1.49996453341436,-1.3851424405329;
5.22000000000008,-0.0259386405878486,0.240323734068595,-2.09982606962055,0.188203083276265,1.49990285980233,-1.67542551424559,0.392029097526158,1.23591180372263,-2.09996363651481,0.298900124989864,1.49998226670718,-1.3994583849784;
5.24000000000008,0.0274614949259549,0.489064787965875,-2.09991303481028,0.233088515400645,1.49995142990117,-1.57955763751743,0.446014548763079,1.36795590186132,-2.09998181825741,0.361926106196104,1.49999113335359,-1.51498251878601;
5.26000000000009,0.118104912997951,0.726944824626973,-2.09995651740514,0.258375398218511,1.49997571495058,-1.54720313140242,0.462440486661813,1.43397795093066,-2.0999909091287,0.430963053098052,1.4999955666768,-1.69683629733017;
5.2800000000001,0.297369917512769,1.02001804539111,-2.09997825870257,0.22397492006415,1.49998785747529,-1.67954948936149,0.419461124297093,1.46698897546533,-2.09999545456435,0.465481526549026,1.4999977833384,-1.89841814866508;
5.3000000000001,0.398684958756385,1.24369089220239,-2.09998912935129,0.165151249542802,1.49999392873765,-1.88977474468075,0.400269214091753,1.48349448773266,-2.09999772728218,0.482740763274513,1.4999988916692,-1.99920907433254;
5.32000000000011,0.344206914574115,1.37184544610119,-2.09999456467564,0.189206550903603,1.49999696436882,-1.99488737234037,0.371668008058297,1.49174724386633,-2.07015982479221,0.449751705451649,1.4999994458346,-2.04960453716627;
5.34000000000012,0.2680475948603,1.4359227230506,-2.09999728233782,0.29338980117812,1.49999848218441,-2.04744368617019,0.311920127018803,1.49587362193317,-1.96582578823152,0.393991126678308,1.49551020570539,-2.07480226858314;
5.36000000000012,0.225075889743916,1.4679613615253,-2.09999864116891,0.39669490058906,1.36600995466948,-2.07372184308509,0.274313532881197,1.49793681096658,-1.92371036611588,0.36410258991615,1.34595612738501,-2.08740113429157;
5.38000000000013,0.187884141761835,1.48398068076265,-2.09999932058446,0.44834745029453,1.15579090618014,-2.08686092154255,0.247526169802873,1.49896840548329,-1.88304863970772,0.345683227693518,1.13356629835552,-2.09370056714578;
5.40000000000014,0.174719550291089,1.49199034038132,-2.09999966029223,0.474173725147265,0.928145467752815,-2.09343046077127,0.209590126765832,1.49948420274165,-1.82813359698303,0.330805609780292,0.947196107367603,-2.09685028357289;
5.42000000000014,0.159732540686621,1.49599517019066,-2.09999983014611,0.487086862573632,0.706197690722644,-2.09671523038564,0.18376563990765,1.49974210137082,-1.76433273355488,0.288864389935007,0.799717896809145,-2.09842514178645;
5.44000000000015,0.122896909038074,1.49799758509533,-2.09999991507306,0.493543431286816,0.503477537511438,-2.09835761519282,0.14667948109236,1.49987105068541,-1.68259909351828,0.229882646341557,0.694672620112679,-2.09921257089322;
5.46000000000016,0.0781875201661622,1.49899879254767,-2.09999995753653,0.496771715643408,0.345056682764813,-2.09917880759641,0.0989564382152091,1.49993552534271,-1.59331225852252,0.156161307463763,0.624565893319737,-2.09960628544661;
5.48000000000016,0.0140449301699417,1.49949939627383,-2.02477978728954,0.413958815814258,0.245164528458975,-2.0995894037982,0.0452527536199158,1.49996776267135,-1.51043998648763,0.0612091465640652,0.626857632352656,-2.09980314272331;
5.50000000000017,-0.0696965972433678,1.49974969813692,-1.85776573252054,0.265952468753458,0.182045014187526,-2.0997947018991,-0.0199659060813156,1.49998388133568,-1.43661023999274,-0.0402009715711779,0.733584564901265,-2.09990157136165;
5.52000000000018,-0.131812096429377,1.49987484906846,-1.72935639387057,0.112973897874654,0.241995147608137,-2.09989735094955,-0.0806617819953545,1.49999194066784,-1.41982341421157,-0.150563926203832,1.00581724344535,-2.09995078568083;
5.54000000000018,-0.205770306980863,1.49993742453423,-1.61423748903938,-0.0146111176310478,0.36642160303514,-2.09994867547478,-0.135678115471631,1.49999597033392,-1.40761804586902,-0.217315547219806,1.2460512861552,-2.09997539284041;
5.56000000000019,-0.249985332685836,1.49996871226711,-1.55704483317692,-0.108551863327548,0.525845320707166,-2.09997433773739,-0.178290367416754,1.49999798516696,-1.47711483541258,-0.248213568802621,1.324729358402,-2.09998769642021;
5.5800000000002,-0.21288078079528,1.49998435613356,-1.55140485801974,-0.24488612110164,0.832368079665107,-2.09998716886869,-0.196873157169528,1.49999899258348,-1.64765572102431,-0.262502363262547,1.35584678016459,-2.0999938482101;
5.6000000000002,-0.175122499515148,1.49999217806678,-1.54271094781001,-0.360275983486306,1.10183119368692,-2.09999358443435,-0.223576868845079,1.49999949629174,-1.87382786051216,-0.25542511609096,1.4166849343099,-2.09999692410505;
5.62000000000021,-0.169033991123007,1.49999608903339,-1.64218563726465,-0.314961392717427,1.21379789507459,-2.09999679221717,-0.244876205361413,1.49999974814587,-1.98691393025608,-0.220754378571603,1.45834246715495,-2.08484296187896;
5.64000000000022,-0.232520769250773,1.49999804451669,-1.83431148971577,-0.244561277546915,1.35689894753729,-2.09999839610859,-0.209549568611645,1.49999987407294,-2.04345696512804,-0.185701111919926,1.47917123357747,-1.96049983792076;
5.66000000000022,-0.354321698254537,1.40909032203061,-1.96715574485789,-0.198790455420034,1.42844947376865,-2.09999919805429,-0.143702931264174,1.41783986947818,-2.07172848256402,-0.13595875519874,1.48958561678874,-1.91374318148975;
5.68000000000023,-0.427160849127269,1.17325164664439,-2.03357787242894,-0.170582087317713,1.46422473688432,-2.09999959902715,-0.0832561434105693,1.20470523368261,-2.08586424128201,-0.116563237996709,1.49479280839437,-1.89683509243669;
5.70000000000024,-0.463580424563634,0.887264555636303,-2.06678893621447,-0.140163450379972,1.48211236844216,-2.09999979951357,-0.0464963851845219,0.965831376890052,-2.092932120641,-0.0738397109964548,1.49739640419718,-1.81802985257478;
5.72000000000024,-0.47507382262575,0.657153227897116,-2.08339446810724,-0.114161161253752,1.49105618422108,-2.09999989975679,-0.0145097973185755,0.798103920509273,-2.0964660603205,-0.0198654806841939,1.49869820209859,-1.72907213363335;
5.74000000000025,-0.442642745320138,0.478610856816981,-2.09169723405362,-0.0967332393278192,1.49552809211054,-2.09999994987839,0.0162320118030917,0.681515489960638,-2.09823303016025,0.0406562566643194,1.4993491010493,-1.66544360713803;
5.76000000000026,-0.400792417200474,0.296650377653944,-2.09584861702681,-0.0386935980046546,1.49776404605527,-2.0999999749392,0.0500270100872224,0.593348332715495,-2.09911651508013,0.0860829400959231,1.49967455052465,-1.61486804508489;
5.78000000000026,-0.334211716489031,0.165116353702002,-2.0979243085134,0.0424982222455365,1.49888202302763,-2.07457577525227,0.0935165284296128,0.560870207584135,-2.09955825754006,0.13352401971532,1.49983727526232,-1.54852230485937;
5.80000000000027,-0.227472493567086,0.0889548161980776,-2.0989621542567,0.10737416786639,1.49944101151382,-1.90973597734495,0.151104499013238,0.607210514563437,-2.09977912877003,0.191293510197168,1.49991863763116,-1.46016622750293;
5.82000000000028,-0.117254269678403,0.088492994475229,-2.09948107712835,0.144785152885755,1.49972050575691,-1.77344941332601,0.223022432879116,0.787570561775623,-2.09988956438502,0.240718552469495,1.49995931881558,-1.40178706332212;
5.84000000000028,-0.0464567234908584,0.168715157592229,-2.09974053856418,0.176265601621787,1.49986025287845,-1.71463848866354,0.331609587945296,1.11133487910482,-2.09994478219251,0.270094886719824,1.49997965940779,-1.37698914251807;
5.86000000000029,-0.00324899091298594,0.35044269983169,-2.09987026928209,0.219142348521312,1.49993012643923,-1.61153840660965,0.413075635571159,1.30566743955241,-2.09997239109625,0.321560788601459,1.4999898297039,-1.43919694568755;
5.8800000000003,0.068100333740437,0.599827920517308,-2.09993513464104,0.251515527841131,1.49996506321961,-1.53086300834971,0.456301826307613,1.40283371977621,-2.09998619554813,0.392754190191538,1.49999491485195,-1.58923563433707;
5.90000000000031,0.199387438560587,0.848688327829531,-2.09996756732052,0.245742312012454,1.49998253160981,-1.58214741669574,0.434056965743223,1.4514168598881,-2.09999309777406,0.446377095095769,1.49999745742597,-1.80649611688167;
5.92000000000031,0.349693719280294,1.12511536457166,-2.09998378366026,0.193793809681306,1.4999912658049,-1.77685645680864,0.398867073970397,1.47570842994405,-2.09999654888703,0.473188547547884,1.49999872871299,-1.95324805844084;
5.94000000000032,0.390918079084422,1.31255768228583,-2.09999189183013,0.160221951141541,1.49999563290245,-1.93842822840432,0.390936854341308,1.48785421497203,-2.09999827444352,0.479162723748002,1.49999936435649,-2.02662402922042;
5.96000000000033,0.319507434699071,1.40627884114291,-2.09999594591507,0.234459580249878,1.49999781645123,-2.01921411420216,0.342600985993286,1.49392710748601,-2.00294183045525,0.426096519096749,1.49999968217825,-2.06331201461021;
5.98000000000033,0.265053543017871,1.45313942057146,-2.09999797295753,0.367229790124939,1.44806129235418,-2.05960705710108,0.307341855282257,1.49696355374301,-1.9583287037904,0.384856089882084,1.43458451830851,-2.0816560073051;
6.00000000000034,0.2180132801168,1.47656971028573,-2.09999898647877,0.43361489506247,1.28140921840266,-2.07980352855054,0.27540693676207,1.4984817768715,-1.91446247287069,0.359126350547884,1.24792130392545,-2.09082800365255;
6.02000000000035,0.197026590448262,1.48828485514286,-2.09999949323938,0.466807447531235,1.05840225641527,-2.08990176427527,0.23597820716964,1.49924088843575,-1.859373355843,0.341528919769334,1.047223516314,-2.09541400182628;
6.04000000000035,0.186826160719813,1.49414242757143,-2.09999974661969,0.483403723765617,0.829797964416931,-2.09495088213763,0.202813261538082,1.49962044421788,-1.79260347532102,0.314078492439293,0.878294641777261,-2.09770700091314;
6.06000000000036,0.154984566356153,1.49707121378572,-2.09999987330985,0.491701861882809,0.610942640464996,-2.09747544106882,0.173615525260237,1.49981022210894,-1.72049941741858,0.262617292064678,0.754520473383061,-2.09885350045657;
6.08000000000037,0.112035536361441,1.49853560689286,-2.09999993665492,0.495850930941404,0.423956705412018,-2.09873772053441,0.132174098737372,1.49990511105447,-1.64474069934802,0.200857293436056,0.663689019035395,-2.09942675022828;
6.10000000000037,0.0626910368565247,1.49926780344643,-2.09999996832746,0.472623513108642,0.294745064417892,-2.0993688602672,0.0808009354508586,1.49995255552723,-1.54436337581136,0.12308213285065,0.615892840301542,-2.09971337511414;
6.12000000000038,-0.0134468970714248,1.49963390172321,-1.95458681191871,0.357041350784973,0.219734239896324,-2.0996844301336,0.0265861410516832,1.49997627776362,-1.4591157567047,0.0176645871572509,0.649772492486014,-2.09985668755707;
6.14000000000039,-0.0953828828542549,1.49981695086161,-1.80733577115272,0.196209699602463,0.204349398772015,-2.0998422150668,-0.0512884655287696,1.49998813888181,-1.40369156954402,-0.0751814975056641,0.826054175415523,-2.09992834377854;
6.16000000000039,-0.153645866762058,1.4999084754308,-1.67377734309899,0.0492551407672652,0.302451258977301,-2.0999211075334,-0.0951063640262104,1.4999940694409,-1.39770483254251,-0.179457129921198,1.11555023576761,-2.09996417188927;
6.1800000000004,-0.229612399762102,1.4999542377154,-1.58310891741374,-0.0593144626688119,0.446106177608195,-2.0999605537667,-0.155316000349592,1.49999703472045,-1.41843674718766,-0.227294447166562,1.29558115197194,-2.06846739959858;
6.20000000000041,-0.234992581221078,1.4999771188577,-1.55048011828889,-0.166363864902216,0.631462858637186,-2.09998027688335,-0.189271052066123,1.49999851736023,-1.5332644101949,-0.251018580070555,1.33542188501841,-2.08423369979929;
6.22000000000041,-0.184279985831486,1.49998855942885,-1.55708613017911,-0.333181932451108,1.0085937969486,-2.09999013844168,-0.209893485398906,1.49999925868011,-1.76597103461481,-0.249193536575347,1.35852435279134,-2.09211684989964;
6.24000000000042,-0.159135850869768,1.49999427971443,-1.58216370006261,-0.354598685742308,1.16569720469912,-2.09999506922084,-0.245829036877462,1.49999962934006,-1.93298551730741,-0.225765276817337,1.42926217639567,-2.09605842494982;
6.26000000000043,-0.170523187619027,1.49999713985721,-1.73358813951342,-0.277649884939635,1.29718562942247,-2.09999753461042,-0.231809074007426,1.49999981467003,-2.0164927586537,-0.187692065670021,1.46463108819784,-2.01379538607606;
6.28000000000043,-0.281965127935795,1.49999856992861,-1.91679406975671,-0.216332022309524,1.39859281471123,-2.09999876730521,-0.178069235842901,1.49051429303524,-2.05824637932685,-0.15011905930138,1.48231554409892,-1.93213182604317;
6.30000000000044,-0.390982563967898,1.30624700210641,-2.00839703487835,-0.181214347660652,1.44929640735562,-2.09999938365261,-0.110220132550338,1.33148337737738,-2.07912318966343,-0.124056843626978,1.49115777204946,-1.92303746300938;
6.32000000000045,-0.445491281983949,1.03916391368782,-2.05419851743918,-0.157587405830677,1.47464820367781,-2.0999996918263,-0.0663389703287376,1.08717436560004,-2.08956159483171,-0.0873993695321093,1.49557888602473,-1.84127458015085;
6.34000000000045,-0.472745640991974,0.769686869959409,-2.07709925871959,-0.128359150484232,1.4873241018389,-2.09999984591315,-0.0310365295238144,0.872136535088267,-2.09478079741586,-0.0413394761354928,1.49778944301236,-1.7599775775224;
6.36000000000046,-0.462877556442643,0.56869124977806,-2.08854962935979,-0.108477176226689,1.49366205091945,-2.09999992295658,0.0067635113086876,0.735160992463453,-2.09739039870793,0.0175883394345043,1.49889472150618,-1.690842425026;
6.38000000000047,-0.423658564865303,0.382163266385688,-2.0942748146799,-0.0787006097026238,1.49683102545973,-2.09999996147829,0.0294356414718716,0.62361189321678,-2.09869519935396,0.0661087253622412,1.49944736075309,-1.62998581414297;
6.40000000000047,-0.371845108657932,0.228428747278995,-2.09713740733995,-0.00157039071061062,1.49841551272986,-2.09999998073914,0.0668269442043348,0.562209568401184,-2.09934759967698,0.11116980686447,1.49972368037655,-1.56854074763693;
6.42000000000048,-0.287430914238024,0.128208674004946,-2.09856870366997,0.0780248694373278,1.49920775636493,-1.97458322277237,0.117650113032343,0.57037690479557,-2.09967379983849,0.164805997086868,1.49986184018827,-1.48948295497615;
6.44000000000049,-0.177183007992768,0.0912779038207101,-2.09928435183499,0.12849130177265,1.49960387818247,-1.83322102243984,0.191738343202115,0.692886147146425,-2.09983689991925,0.210201918221168,1.49993092009414,-1.42424791049818;
6.46000000000049,-0.0742635207362294,0.119938788069108,-2.09964217591749,0.157980188249377,1.49980193909123,-1.74500853923601,0.269949645977736,0.94141779405127,-2.09991844995962,0.251223634052601,1.49996546004707,-1.37792498862674;
6.4800000000005,-0.0212561097238123,0.245896600312401,-2.09982108795875,0.193129453122034,1.49990096954562,-1.65515271006844,0.384974822988868,1.22070889702564,-2.09995922497981,0.29953853287713,1.49998273002353,-1.39657367664541;
6.50000000000051,0.0390054373694628,0.492531599167193,-2.09991054397937,0.233310577600903,1.49995048477281,-1.57086792956452,0.442487411494434,1.36035444851282,-2.09997961248991,0.365811646771512,1.49999136501177,-1.51217411556822;
6.52000000000051,0.130810287234841,0.733309707822007,-2.09995527198969,0.254416004285071,1.4999752423864,-1.54118099378129,0.456638274190515,1.43017722425641,-2.09998980624495,0.432905823385756,1.49999568250588,-1.69514472384742;
6.54000000000052,0.310344990609913,1.02892258653124,-2.09997763599484,0.217098182968723,1.4999876211932,-1.67274046623002,0.411037409304425,1.4650886121282,-2.09999490312248,0.466452911692878,1.49999784125294,-1.89757236192371;
6.56000000000053,0.405172495304957,1.26105824951867,-2.09998881799742,0.165662845041566,1.4999938105966,-1.88637023311501,0.394670690297507,1.4825443060641,-2.09999745156124,0.483226455846439,1.49999892062647,-1.99878618096186;
6.58000000000053,0.345817992418714,1.38052912475934,-2.09999440899871,0.195037361813691,1.4999969052983,-1.9931851165575,0.372494758963298,1.49127215303205,-2.07005740536131,0.446641933520143,1.49999946031324,-2.04939309048093;
6.60000000000054,0.270638030633185,1.44026456237967,-2.09999720449936,0.302285889006211,1.49999845264915,-2.04659255827875,0.312563147246694,1.49563607651603,-1.97003464168746,0.392880295316132,1.49664400057669,-2.07469654524046;
6.62000000000055,0.228449986509906,1.47013228118983,-2.09999860224968,0.401142944503105,1.36597417711498,-2.07329627913938,0.271909215301204,1.49781803825801,-1.91634509298423,0.363653532763199,1.34181428172527,-2.08734827262023;
6.64000000000055,0.194067329432779,1.48506614059492,-2.09999930112484,0.450571472251553,1.15324859380365,-2.08664813956969,0.246873899623716,1.49890901912901,-1.87257422076275,0.343070543656685,1.12577653039663,-2.09367413631012;
6.66000000000056,0.183726577294972,1.49253307029746,-2.09999965056242,0.475285736125776,0.92062966406167,-2.09332406978484,0.214294397197646,1.4994545095645,-1.81549379461313,0.325124084179569,0.940416248312438,-2.09683706815506;
6.68000000000057,0.16442968583758,1.49626653514873,-2.09999982528121,0.487642868062888,0.693122483192982,-2.09666203489242,0.184246570747337,1.49972725478225,-1.74657957669747,0.280872104975069,0.794348336096031,-2.09841853407753;
6.70000000000057,0.125972118857778,1.49813326757436,-2.09999991264061,0.493821434031444,0.487535322159083,-2.09833101744621,0.147285358747463,1.49986362739113,-1.66409334896332,0.223196975396318,0.693136451063266,-2.09920926703876;
6.72000000000058,0.0799135025755945,1.49906663378718,-2.0999999563203,0.496910717015722,0.334675342067853,-2.09916550872311,0.10030884794425,1.49993181369556,-1.57363602697018,0.149794680677971,0.625437398462351,-2.09960463351938;
6.74000000000059,0.0132089595206769,1.49953331689359,-2.00489928922583,0.405084734919299,0.24790700983245,-2.09958275436155,0.0449186597787764,1.49996590684778,-1.48143775552096,0.0529148660118983,0.626174921646146,-2.09980231675969;
6.76000000000059,-0.0715907512005075,1.4997666584468,-1.85072732071841,0.256358696700448,0.199826689120326,-2.09979137718078,-0.0244914353627251,1.49998295342389,-1.42132890566976,-0.0472274930270709,0.731902015633597,-2.09990115837985;
6.7800000000006,-0.132840134396946,1.4998833292234,-1.72500875195247,0.106475507856068,0.269942239699857,-2.09989568859039,-0.0809053796896481,1.49999147671195,-1.40865449778632,-0.15774487530153,1.00984752199412,-2.09995057918992;
6.80000000000061,-0.207167094595629,1.4999416646117,-1.60087659868291,-0.0228525413867546,0.381378983347663,-2.09994784429519,-0.132894748169638,1.49999573835597,-1.40045094128646,-0.225367250616158,1.25492376099706,-2.09051479865296;
6.82000000000061,-0.248387374106744,1.49997083230585,-1.54269593426432,-0.118412097185687,0.545168397768859,-2.0999739221476,-0.177140988567699,1.49999786917799,-1.47454354880352,-0.250531675902409,1.33217038517535,-2.09525739932648;
6.84000000000062,-0.209054684253384,1.49998541615292,-1.53716765937132,-0.263127338036813,0.862142287663879,-2.0999869610738,-0.200066434969122,1.49999893458899,-1.65254638253698,-0.256911834521792,1.36257315578729,-2.09762869966324;
6.86000000000063,-0.173880688951338,1.49999270807646,-1.54057172758839,-0.362279606632848,1.11516522714111,-2.0999934805369,-0.228951977307406,1.4999994672945,-1.87627319126849,-0.246137833020936,1.43128657789364,-2.09881434983162;
6.88000000000063,-0.168225706719321,1.49999635403823,-1.65981536916624,-0.304889138128588,1.23717298184143,-2.09999674026845,-0.23797663858275,1.49999973364725,-1.98813659563425,-0.218757970045929,1.46564328894682,-2.06893366846516;
6.90000000000064,-0.246100115131816,1.49999817701912,-1.86095449830955,-0.235616033269082,1.36858649092072,-2.09999837013422,-0.198467011107705,1.49999986682362,-2.04406829781712,-0.185190592860642,1.48282164447341,-1.95469811098314;
6.92000000000065,-0.361939446603994,1.4011712913351,-1.98047724915477,-0.196314135885792,1.43429324546036,-2.09999918506711,-0.133278053230893,1.40088181393359,-2.07203414890856,-0.140650725888939,1.49141082223671,-1.92060049840081;
6.94000000000065,-0.430969723301997,1.16626828037882,-2.04023862457739,-0.169058153081217,1.46714662273018,-2.09999959253356,-0.0759430225078518,1.17771431454526,-2.08601707445428,-0.112493626737461,1.49570541111835,-1.87544239197308;
6.96000000000066,-0.465484861650999,0.874186943586587,-2.07011931228869,-0.140275394642492,1.48357331136509,-2.09999979626678,-0.0364119403751818,0.935219955933624,-2.09300853722714,-0.0648549859046269,1.49785270555918,-1.78990320282248;
6.98000000000067,-0.46590278830078,0.637908118275761,-2.08505965614435,-0.116943235260317,1.49178665568254,-2.09999989813339,0.000728127400471405,0.770664862042931,-2.09650426861357,-0.00679874560829641,1.49892635277959,-1.71227249064578;
