0,-0.0899890518188477,0.717720376700163,-1.90063533782959,-0.159088447093964,0.845442277193069,-1.99386377334595,0.0544981384277344,0.905506736040115,-1.76632511615753,0.00949430376291275,0.851219335198402,-1.72780952453613;
0.02,-0.127922359704971,0.705076607689261,-1.87781497836113,-0.151396187543869,0.838525727391243,-2.04693188667297,0.0863213860988617,0.910203677415848,-1.72443618178368,-0.00561525091528893,0.820277372002602,-1.70875133872032;
0.04,-0.124247998595238,0.715697903372347,-1.96766693294048,-0.142037617564201,0.848442904651165,-2.07346594333649,0.103422754406929,0.906372231245041,-1.79029634892941,-0.000323846712708473,0.810901924967766,-1.75940225422382;
0.06,-0.0179942986369133,0.732177466247231,-2.03383346647024,-0.0487276950478554,0.8121357165277,-2.08673297166824,0.125877449810505,0.922750836610794,-1.93356754034758,-0.0267883296683431,0.772328736260533,-1.87176948934793;
0.0800000000000001,0.0177659721672535,0.697573463665321,-2.06691673323512,-0.0523187400400639,0.816947786137462,-2.09336648583412,0.135071039348841,0.999556079506874,-1.96158133372664,-0.0220029572583735,0.880001435615122,-1.98588474467397;
0.1,-0.0200403990596533,0.71290318260435,-2.08345836661756,-0.0471889121085405,0.832671954296529,-2.09668324291706,0.110265196636319,1.02697128206491,-2.0139504712075,-0.0183363461960107,0.92884165244177,-2.00957052446902;
0.12,-0.0439174164459109,0.68194051181199,-2.09172918330878,-0.0328527304902673,0.793616167735308,-2.09834162145853,0.0937262255325914,0.951627688854933,-2.02064879145473,-0.00267332064453512,0.88011705824174,-2.02185846436769;
0.14,-0.0377164137922227,0.620323004300008,-2.09586459165439,-0.0404523609764874,0.762285097455606,-2.09917081072927,0.0832775703258813,0.908008621260524,-2.0105266819708,0.00434474668232724,0.831852066633292,-2.01413137251511;
0.16,-0.0280301922839135,0.585357604411547,-2.09793229582719,-0.0579862278047949,0.78883740704041,-2.09958540536463,0.0883569546137005,0.968495603464544,-1.92575337938033,0.00553249086602591,0.889481738267932,-1.93049994972534;
0.18,-0.0238377109309658,0.595265180362912,-2.0989661479136,-0.0582890036376193,0.831777416670229,-2.09979270268232,0.102506546755321,1.14796235365793,-1.79722370530944,-0.00131109120615292,0.99503658565809,-1.84298363460694;
0.2,-0.0212497527967207,0.719931575901137,-2.0994830739568,-0.0562999053136446,1.02653368065949,-2.09989635134116,0.138293162474874,1.32398117682897,-1.59668404919794,-0.0296741843331256,1.24751829282905,-1.74511331833201;
0.22,0.012692482691491,0.814117033902221,-2.0997415369784,-0.0155858199961949,1.10772242819367,-2.09994817567058,0.148281159942271,1.41199058841448,-1.57507979950751,-0.0609819543415506,1.37375914641452,-1.58779884684482;
0.24,0.0590463448670926,0.948931793184784,-2.0998707684892,0.053258338313899,1.04835602181702,-2.09997408783529,0.144277801784338,1.45599529420724,-1.68890122811717,-0.0894643145826558,1.43687957320726,-1.43355411344965;
0.26,0.0797696269108565,1.10985349606062,-1.89020223185507,0.103346216848295,0.826826728073502,-2.09998704391765,0.165757438079745,1.33839165407117,-1.89445061405859,-0.0904261758936991,1.3524716188218,-1.5414192008684;
0.28,0.0315350592411414,1.15994952415717,-1.93275154016956,0.124559240426024,0.4961834374506,-2.09999352195882,0.183420687385515,1.12975721278635,-1.99722530702929,0.0112661741667216,1.00914599099287,-1.8207096004342;
0.3,0.00466558457796055,1.21343759047634,-2.01637577008478,0.102822158975105,0.224495646528339,-2.09999676097941,0.203810952041604,1.04253002662881,-2.04861265351465,0.133027827664873,0.627035595966027,-1.9603548002171;
0.32,0.0134984779426668,1.32119061225477,-2.05818788504239,0.106563726982822,0.102922926928568,-2.09999838048971,0.177880537675846,1.20482379922978,-2.07430632675732,0.141429220400582,0.487448019779049,-2.03017740010855;
0.34,0.0534383749996232,1.41059530612739,-2.07909394252119,0.140063203136797,0.0676266722808123,-2.09999919024485,0.0886718043769543,1.35241189961489,-1.95479430240912,0.0334457766822629,0.65589895297901,-1.99626909971057;
0.36,0.0966198980825448,1.45529765306369,-2.00357038849502,0.193223249098,0.0816130545203805,-2.09999959512243,0.022633262131867,1.42620594980745,-1.82554171821735,-0.0985422974918458,0.990171897658786,-1.82353990316301;
0.38,0.145717118383313,1.47764882653185,-1.81239141014173,0.204399691413014,0.0686842275890172,-2.09999979756121,-0.0122551927694394,1.46310297490372,-1.77505562077592,-0.192838086192517,1.24508594882939,-1.62817446559623;
0.4,0.132939982712699,1.48882441326592,-1.65038380684681,0.130472327267214,0.0122287667409808,-2.09999989878061,-0.0320750348631896,1.38905722618706,-1.82686376457726,-0.218369557412817,1.3725429744147,-1.4895537985859;
0.42,0.103074534088588,1.49441220663296,-1.49304215342913,0.00127248098208725,0.0364767033167795,-2.0999999493903,-0.0629593297275085,1.24898545503918,-1.96343188228863,-0.16925109245,1.43627148720735,-1.41290010876942;
0.44,0.073624532297361,1.49720610331648,-1.35054062620358,-0.114719508639205,0.130587289646671,-2.09999997469515,-0.116381598533798,1.13954390466364,-2.03171594114432,-0.0995551549276596,1.46813574360367,-1.3874190467968;
0.46,0.00484484199439891,1.49860305165824,-1.28083265133479,-0.170729071374351,0.275006913103365,-2.01785043404863,-0.179852526695335,0.999094271064558,-2.06585797057216,-0.0229797803799751,1.43900751137017,-1.39634214581919;
0.48,-0.106305277328911,1.41927746224193,-1.64066403065015,-0.15133012377998,0.418587195355546,-1.89368758761071,-0.201486863151592,0.734589978754897,-2.08292898528608,0.0422726041356502,1.27980586421131,-1.57650701374745;
0.5,-0.242568789711209,1.16713916206255,-1.87033201532508,-0.111297539292677,0.554490965345925,-1.88990937751126,-0.120901560314199,0.514965794831703,-1.97924719747321,0.0485825202007978,1.0024251381886,-1.83825350687373;
0.52,-0.267080937023268,0.959574909850429,-1.98516600766254,-0.0539962983722009,0.631209936608585,-1.99495468875563,-0.079180686239253,0.348195957318043,-1.88163072316059,0.00362272546390142,0.881082346431015,-1.96912675343686;
0.54,-0.337987218198829,0.765852324090635,-2.04258300383127,-0.0190363712904115,0.729922719235079,-2.04747734437781,-0.0560961614866309,0.187280463762628,-1.86746475323145,0.0158428112452201,0.953953252430557,-2.03456337671843;
0.56,-0.418993609099414,0.639408295314628,-2.07129150191563,-0.0314364806710312,0.928414795515367,-2.07373867218891,-0.0943580978522327,0.0647437928058443,-1.9396166901991,0.053531888911375,1.11015143900901,-2.06728168835922;
0.58,-0.459496804549707,0.444624760230937,-2.08564575095782,-0.0967255910187279,1.21420739775768,-2.08686933609445,-0.168270002276183,-0.0157200039457412,-2.00958623196707,0.086790729259078,1.27842518344417,-2.08364084417961;
0.6,-0.479748402274854,0.172312380115469,-2.09282287547891,-0.0356935709193009,1.35710369887884,-2.09343466804723,-0.121455867126823,0.0234098702156975,-1.86068456424289,0.126888757097038,1.38921259172209,-1.74005660889219;
0.62,-0.489874201137427,0.0361561900577344,-2.09641143773945,-0.000575569692982107,1.42855184943942,-2.09671733402361,-0.0311781399623755,0.105582179103515,-1.86763074523714,0.15492559211816,1.44460629586104,-1.61306653707063;
0.64,-0.420868678251209,-0.0319219049711328,-2.09820571886973,0.0339445591848429,1.46427592471971,-2.09835866701181,0.0765730157903729,0.259533364312958,-1.86799182954682,0.178480937567182,1.47230314793052,-1.62264113321322;
0.66,-0.329977586348505,-0.0659609524855664,-1.91122871809938,0.103837024017241,1.48213796235986,-2.0991793335059,0.199912007620528,0.56278284973756,-1.85645844967789,0.231484574122642,1.48615157396526,-1.7575165385724;
0.68,-0.267182374040112,-0.0829804762427832,-1.71337702230234,0.164053724430038,1.49106898117993,-2.09958966675295,0.299934565211631,0.993998677466589,-1.73141627178404,0.281121053121196,1.3687582959281,-1.9287582692862;
0.700000000000001,-0.281384580155127,-0.0914902381213916,-1.68555401243577,0.150285498212791,1.49553449058996,-2.09979483337648,0.343531347108532,1.24699933873329,-1.67313622020589,0.247863447378927,1.23958915420108,-2.0143791346431;
0.720000000000001,-0.287979091415759,-0.0957451190606958,-1.74178665418332,0.16692031696986,1.49776724529498,-2.00955806002739,0.335089595711554,1.37349966936665,-1.68476043831759,0.208647297477153,1.19261024568346,-2.05718956732155;
0.740000000000001,-0.235936337118326,-0.0978725595303479,-1.87579335937353,0.176789724009985,1.49888362264749,-1.70490711741509,0.288707303005618,1.41877592292109,-1.70782694762674,0.204048429059698,1.0935602902068,-2.07859478366078;
0.760000000000001,-0.134539289774983,-0.0850529036436529,-1.79110640172885,0.159245239087817,1.49944181132375,-1.40270133521588,0.215219748714647,1.45938796146054,-1.59121257486804,0.19945532467351,0.898759581083721,-2.08929739183039;
0.780000000000001,0.00369734510655746,-0.0925264518218265,-1.64470518192761,0.145261577759622,1.49972090566187,-1.27675938857809,0.0946350232258842,1.47969398073027,-1.44408070655099,0.177418614160943,0.672392345187399,-2.09464869591519;
0.800000000000001,0.114292591735102,-0.0325470527389162,-1.70527325849291,0.161396534042775,1.31772100847974,-1.52458666688808,-0.0160494367532231,1.42474709536468,-1.53511407629367,0.153294330006802,0.569792160748111,-2.0973243479576;
0.820000000000001,0.09969446476518,0.212893490971202,-1.89762248983262,0.330698267021387,0.999368244022203,-1.81229333344404,-0.0140068125601757,1.04352379781919,-1.81755703814683,0.0775924137562335,0.358310680269533,-2.08975133918952;
0.840000000000001,0.0784735026767795,0.392072134703931,-1.99881124491631,0.415349133510694,0.654464855596459,-1.95614666672202,0.0821444130005365,0.737198536311176,-1.95877851907342,0.0492064169213087,0.129155340134766,-1.93721393954372;
0.860000000000001,0.0755872769559892,0.533489544436602,-2.04940562245816,0.365855571279578,0.375599737368542,-2.02807333336101,0.098086518052316,0.718365711825384,-2.02938925953671,0.0769742710970298,0.0145776700673832,-1.77474653875637;
0.880000000000001,0.0256349269253747,0.753083786986902,-2.07470281122908,0.343664518122699,0.137799868684271,-2.0640366666805,0.049927061127174,1.06508605224753,-2.06469462976835,0.100347785134239,-0.0427111649663084,-1.76564362126493;
0.900000000000001,-0.0256092564412586,0.973261212121762,-2.08735140561454,0.387807548406137,0.0188999343421355,-2.08201833334025,0.000864214562648603,1.28254302612377,-2.08234731488418,0.0845792718624685,-0.0713555824831542,-1.8004374150331;
0.920000000000001,-0.0615922774945017,1.23516822994317,-2.09367570280727,0.433970402659184,-0.0405500328289322,-2.09100916667013,0.000467630979058181,1.39127151306188,-2.09117365744209,0.0900378636467265,-0.0856777912415771,-1.79141292591369;
0.940000000000001,-0.048988458617246,1.36758411497159,-2.09683785140363,0.372929923028353,-0.0702750164144661,-2.03840264222636,-0.0829337124245181,1.44563575653094,-2.09558682872104,-0.00780081610144144,-0.0928388956207886,-1.67127068201441;
0.960000000000001,-0.0792356643595873,1.43379205748579,-2.09841892570182,0.333200682148637,-0.0851375082072331,-1.98705053399808,-0.10215697190249,1.47281787826547,-2.04241733170175,-0.0927714650842595,0.218923684804695,-1.66431449135014;
0.980000000000001,-0.118816990133056,1.4668960287429,-2.09920946285091,0.350484990351052,-0.0925687541036165,-1.95930479800109,-0.108546601042569,1.48640893913274,-1.89866514611554,-0.154966328989121,0.783374617918858,-1.6612846110258;
1,-0.128484745858078,1.48344801437145,-2.09960473142545,0.335354618664906,-0.0962843770518083,-1.94036039131584,-0.161454604022414,1.49320446956637,-1.72354127520478,-0.157979095404671,1.0874786488337,-1.81157876719999;
1.02,-0.141128817020836,1.49172400718572,-1.98799339216193,0.281180341063105,-0.0981421885259041,-1.87753356107921,-0.17205784099932,1.49660223478318,-1.5545890214749,-0.168508149596714,1.11532250007603,-1.945666691015;
1.04,-0.156210535972805,1.49586200359286,-1.85516447862606,0.189886819629949,-0.0990710942629521,-1.92247287337408,-0.155977723686077,1.49830111739159,-1.50297791226247,-0.206785877452623,1.22190727273928,-1.90768858013046;
1.05999999999999,-0.154745366081343,1.49793100179643,-1.72918916563501,0.0815201177741495,-0.0299393280686709,-1.98118094357066,-0.140255496545721,1.4991505586958,-1.55976671061684,-0.237243997209435,1.36095363636964,-1.78582820801681;
1.07999999999999,-0.131909596674018,1.49896550089822,-1.5337986599421,-0.019106579296519,0.0585597344069793,-1.97845007256772,-0.126984558127368,1.4995752793479,-1.70022002499188,-0.229047931012097,1.43047681818482,-1.66715411200496;
1.09999999999999,-0.104461054678943,1.49948275044911,-1.29948227460263,-0.111835677858556,0.151954380066649,-1.93183348216666,-0.166518369924051,1.46366568714023,-1.90011001249594,-0.162950153736563,1.46523840909241,-1.58245376474844;
1.11999999999999,-0.121705616651071,1.49974137522455,-1.14342159060179,-0.218453418133837,0.24485969115866,-1.88650364298648,-0.224286711817494,1.29002543046892,-2.00005500624797,-0.073203499361024,1.4826192045462,-1.60606947753423;
1.13999999999999,-0.259376549093968,1.29304953802465,-1.5147053183493,-0.235428846537164,0.321130786188308,-1.87581700394067,-0.210375105443354,0.909850054754913,-2.05002750312398,-0.014786027691834,1.38892936230957,-1.72080492781397;
1.15999999999998,-0.379688274546984,0.902435958330026,-1.80735265917465,-0.201847817033078,0.507385354165169,-1.97493134890752,-0.0651026530577518,0.539144745356888,-2.07501375156199,0.033600952614311,0.928428874022065,-1.91040246390699;
1.17999999999998,-0.439844137273492,0.437431818219121,-1.95367632958732,-0.15723924235977,0.570754248859451,-2.03746567445376,0.0269015898548674,0.267543442491219,-2.03422343471425,-0.00517525375437559,0.662170385125427,-2.00520123195349;
1.19999999999998,-0.469922068636746,0.16871590910956,-2.02683816479366,-0.102135115049667,0.703513442457699,-2.06873283722688,-0.00846221078221445,0.0837717212456093,-1.92398736347148,-0.00732053116238029,0.809823452831879,-2.05260061597675;
1.21999999999998,-0.484961034318373,0.0343579545547802,-2.06341908239683,-0.0394933328441711,0.947199290484678,-2.08436641861344,-0.0824429481664521,-0.00811413937719537,-1.89362168247197,0.0470537879304294,1.15491172641594,-1.97454761552736;
1.23999999999997,-0.450523215065681,-0.0328210227226099,-2.08170954119842,0.0436412150953247,1.22359964524234,-2.09218320930672,-0.0887197586615494,-0.0540570696885977,-1.76295453128564,0.127027098051518,1.32745586320797,-1.9490218176838;
1.25999999999997,-0.381801076298099,-0.066410511361305,-2.09085477059921,0.0852717891978241,1.36179982262117,-2.09609160465336,-0.0879157994548287,-0.0770285348442988,-1.76760058908337,0.200593066867098,1.41372793160398,-1.85405209135991;
1.27999999999997,-0.29279498714464,-0.0832052556806525,-1.98728574249069,0.110482900919865,1.43089991131058,-2.09804580232668,-0.0627133538504345,-0.0885142674221494,-1.76779093995032,0.282518713800065,1.41231558542708,-1.77926387822619;
1.29999999999997,-0.216610518188561,-0.0916026278403262,-1.88087887333294,0.116503085286593,1.46544995565529,-2.09902290116334,0.0366419659962305,-0.0942571337110747,-1.74553322918384,0.358063770695504,1.29368516316642,-1.67808725702758;
1.31999999999997,-0.179390490398449,-0.0958013139201631,-1.83838551723192,0.126838719443071,1.48272497782765,-2.09951145058167,0.220384991710884,0.266521954780472,-1.75561181370004,0.375084512911229,1.23096245582218,-1.60769034111497;
1.33999999999996,-0.198633538656256,-0.0979006569600816,-1.81899588447427,0.102066339649552,1.49136248891382,-2.09975572529084,0.360192495855442,0.873394060256905,-1.66695182206027,0.361174966435625,1.21799531606493,-1.6103901554346;
1.35999999999996,-0.220884857859622,-0.0989503284800408,-1.81149388125348,0.0905003126451343,1.49568124445691,-2.09987786264542,0.425457237498339,1.18669703012845,-1.62763766438659,0.313518744280435,1.35899765803246,-1.60409000909328;
1.37999999999996,-0.20733719859839,-0.0994751642400204,-1.95574694062674,0.111746855178921,1.49784062222846,-1.9662120543486,0.385330802567986,1.34334851506423,-1.65304296210853,0.260405565882969,1.42949882901623,-1.6032484819293;
1.39999999999996,-0.171063140801194,-0.0913631414499968,-2.02787347031337,0.146797194679304,1.49892031111423,-1.68227074109346,0.29048583347012,1.3604579866085,-1.67875781156345,0.222675722432757,1.46474941450812,-1.7182949925363;
1.41999999999995,-0.0853895253795399,-0.014739750580345,-1.93056383824697,0.148253667453788,1.49946015555711,-1.36122338753358,0.202390611561186,1.41474477947521,-1.58901953000687,0.173619927561593,1.29996709564555,-1.90914749626815;
1.43999999999995,0.0267466643026465,0.0640652543523141,-1.76957290518458,0.143239747335445,1.49973007777856,-1.16643128981896,0.108977706627074,1.4573723897376,-1.46699644574951,0.138652935224927,1.08034730126077,-2.00457374813408;
1.45999999999995,0.132178092130571,0.119989198755137,-1.7881577568659,0.163193689013487,1.28695879747235,-1.33689547027502,-0.0352061223010106,1.4786861948688,-1.54912109945929,0.126155728200156,0.922118447445901,-2.05228687406704;
1.47999999999995,0.14616441852279,0.329153755461629,-1.88572912004634,0.331596844506743,0.94568800116461,-1.71844773513751,-0.0982457959165118,1.1337088387469,-1.79769786881763,0.0753669854000598,0.669850759815709,-2.07614343703352;
1.49999999999995,0.0877264577469601,0.503021726089446,-1.99286456002317,0.415798422253372,0.57198363137683,-1.90922386756876,0.0152993530278434,0.661822768114984,-1.94884893440881,0.0408859157063261,0.380142452871569,-1.97715946108382;
1.51999999999994,0.0730789294998534,0.584289920368655,-2.04643228001158,0.387711897570015,0.250854341151519,-2.00461193378438,0.101155608606588,0.533591596316785,-2.02442446720441,0.0988608002413161,0.140071226435784,-1.84860305026313;
1.53999999999994,0.0162989981552306,0.718100757916204,-2.07321614000579,0.346834731438816,0.0754271705757596,-2.05230596689219,0.103713260150081,0.891182800149664,-2.0622122336022,0.152435373055381,0.0200356132178922,-1.82714026786457;
1.55999999999994,-0.0172997995426087,0.990535793463107,-2.0866080700029,0.364725427795977,-0.0122864147121202,-2.07615298344609,0.0896400602937369,1.09540656607138,-2.0811061168011,0.192867450111827,-0.0399821933910539,-1.9023295443136;
1.57999999999994,-0.0413742194677307,1.24526789673155,-2.09330403500145,0.373023624504373,-0.0561432073560601,-2.08807649172305,0.0341936836034372,1.29770328303569,-2.09055305840055,0.187799949344854,-0.0699910966955269,-1.9016653856078;
1.59999999999993,-0.045669715906427,1.37263394836578,-2.09665201750072,0.34562143330016,-0.0780716036780301,-1.98511595505952,-0.080697010289117,1.39885164151785,-1.96767318905135,0.123903232066264,-0.0849955483477635,-1.8152438024898;
1.61999999999993,-0.0558674647933472,1.43631697418289,-2.09832600875036,0.3086760282727,-0.089035801839015,-1.89368929752946,-0.156711808805905,1.44942582075892,-1.9320233556665,0.0275187476716589,-0.0924977741738817,-1.76162156960466;
1.63999999999993,-0.0960857416454071,1.46815848709144,-2.09916300437518,0.293877654086148,-0.0945179009195075,-1.83661398832619,-0.183171898904066,1.47471291037946,-1.90934462413376,-0.0823803981024945,0.144654979204105,-1.73225069592942;
1.65999999999993,-0.143400019470012,1.48407924354572,-2.09958150218759,0.311127884393233,-0.0972589504597538,-1.88982788296848,-0.162458743841758,1.48735645518973,-1.76265144728216,-0.195078777466164,0.751427299725496,-1.67231477027411;
1.67999999999993,-0.154538400800603,1.49203962177286,-1.97899215733426,0.312594672444114,-0.0986294752298769,-1.9829886435087,-0.160080957309063,1.49367822759487,-1.54730727862613,-0.240624005394154,1.12571364986275,-1.73230750324962;
1.69999999999992,-0.160456838921496,1.49601981088643,-1.86498438077875,0.232246723772411,-0.07677483588154,-1.98019846074857,-0.146605424829153,1.49683911379743,-1.42406776046403,-0.243277464904871,1.24039072566914,-1.83133112670301;
1.71999999999992,-0.153343075670694,1.49800990544322,-1.70299622768019,0.10371646016902,-0.00507760062662205,-1.9597484200849,-0.139218581888987,1.49841955689872,-1.46748444634501,-0.240978253383679,1.32703883436167,-1.7923560583657;
1.73999999999992,-0.12806638069843,1.49900495272161,-1.49136080917644,-0.00286499217119703,0.0233681916453071,-1.96832575647304,-0.148717414723791,1.49920977844936,-1.62592134871992,-0.228356744298956,1.41351941718083,-1.6254082855615;
1.75999999999992,-0.116304024795168,1.4995024763608,-1.23368596522474,-0.0917054305223966,0.0785849332440708,-1.94750665946935,-0.195156095915515,1.44935255892149,-1.86296067435996,-0.154361378078471,1.45675970859042,-1.49484324887559;
1.77999999999991,-0.135303595830735,1.4997512381804,-1.11677571877074,-0.220457734353758,0.199149906616847,-1.8765958275603,-0.238449780192712,1.25359468284781,-1.98148033717998,-0.0451507992172295,1.47837985429521,-1.56456423170946;
1.79999999999991,-0.300491768504052,1.29590497819245,-1.58940287999427,-0.233861603382934,0.292138677826246,-1.82317933868402,-0.202515340669324,0.820834439116396,-2.04074016858999,0.0212791666078541,1.31701086597321,-1.74866964999627;
1.81999999999991,-0.400245884252026,0.879714820820392,-1.84470143999714,-0.198115565599853,0.46017990409867,-1.96158966934201,-0.0626253477848419,0.398545297542054,-2.05029410744639,0.0414266656184183,0.771560650252689,-1.92433482499814;
1.83999999999991,-0.450122942126013,0.413866626241953,-1.97235071999857,-0.135849463255134,0.507829593119701,-2.030794834671,0.00505873421247562,0.195579032380799,-1.89848652196393,-0.015199095689059,0.585358723592455,-2.01216741249907;
1.85999999999991,-0.475061471063006,0.156933313120976,-2.03617535999928,-0.0645878420327739,0.637335591762106,-2.0653974173355,-0.052959635359964,0.0687892219818728,-1.81788106715911,0.00196117680132355,0.839106081223336,-2.05608370624953;
1.8799999999999,-0.487530735531503,0.0284666565604881,-2.06808767999964,-0.0103378509508886,0.879001411422511,-2.08269870866775,-0.128825688413243,-0.0156053890090636,-1.87349958795425,0.0484644933584331,1.16955304061167,-1.95069689911094;
1.8999999999999,-0.484709662695256,-0.0357666717197559,-2.08404383999982,0.0611295044905286,1.18950070571126,-2.09134935433388,-0.14180506351166,-0.0578026945045318,-1.75861150661169,0.1250724623622,1.33477652030583,-2.00731749614818;
1.9199999999999,-0.382537712702914,-0.067883335859878,-2.09202191999991,0.0963255602362921,1.34475035285563,-2.09567467716694,-0.14047584952202,-0.0789013472522659,-1.78707496841281,0.211343833109811,1.41738826015292,-1.88235508839659;
1.9399999999999,-0.262945926015458,-0.083941667929939,-2.01998336996356,0.129039922070661,1.42237517642781,-2.09783733858347,-0.0958458596531874,-0.089450673626133,-1.79304308155939,0.325700989316441,1.35896115888505,-1.72650456597592;
1.95999999999989,-0.209023420723717,-0.0919708339649695,-1.86412007255216,0.136308694040854,1.46118758821391,-2.09891866929173,0.0488378152219293,-0.0947253368130665,-1.75869062771283,0.412850494658221,1.21045264298394,-1.60965481932057;
1.97999999999989,-0.233211232380291,-0.0959854169824848,-1.8104453655226,0.129949002343456,1.48059379410695,-2.09945933464587,0.274418907610965,0.439731289852096,-1.69650544489365,0.451751389640206,1.15608893183209,-1.56842300412602;
1.99999999999989,-0.30547483501644,-0.0979927084912424,-1.8060288832656,0.0742826794475514,1.49029689705348,-2.09972966732293,0.387209453805482,0.969865644926048,-1.64973680806627,0.475875694820103,1.18083525075186,-1.54251748530838;
2.01999999999989,-0.293251414586162,-0.0989963542456212,-1.78566206922489,0.0584791844531992,1.49514844852674,-2.09986483366147,0.443524327389497,1.23493282246302,-1.5444902814054,0.37619689348778,1.34041762537593,-1.53342763438211;
2.03999999999989,-0.250303670311498,-0.0994981771228106,-1.87959037537554,0.0861979564748754,1.49757422426337,-1.88266479626723,0.395945944841751,1.36746641123151,-1.53866870436189,0.263051572459146,1.42020881268796,-1.51137853242152;
2.05999999999988,-0.203592816067004,-0.0997490885614053,-1.92548404095162,0.10720055385046,1.49878711213168,-1.54895904489074,0.308056774167244,1.3932312415235,-1.59708367006539,0.20349821478983,1.46010440634398,-1.60946291375753;
2.07999999999988,-0.130009794569147,-0.0998745442807027,-1.73225287600154,0.0965980025311944,1.49939355606584,-1.19253645155685,0.203638919605824,1.40451724162662,-1.54666066326975,0.130201440010767,1.27782793068244,-1.8447342201501;
2.09999999999988,-0.0219609607935607,-0.0568777204245005,-1.5681396534234,0.08482086103065,1.4821805226542,-1.09886936651596,0.0779483342240315,1.45225862081331,-1.45436926711738,0.0819571485391761,1.00410959173418,-1.97236711007505;
2.11999999999988,0.0730698840975434,0.0470901429310603,-1.56072790872006,0.101970722282445,1.21981636224873,-1.30571990811293,-0.0798291122878561,1.43600224760911,-1.53343192005724,0.0700175059969974,0.836362587159759,-2.03618355503752;
2.13999999999988,0.0809323808133438,0.287120869738617,-1.71804961686804,0.293383031887072,0.901296090775168,-1.70285995405646,-0.11304688513105,1.09138498167317,-1.77642170620248,0.00149119740405444,0.576937525841537,-2.06809177751876;
2.15999999999987,0.0187928549736656,0.433879895499725,-1.90902480843402,0.379299314519891,0.514356052723247,-1.90142997702823,0.0121516355880854,0.629353719254933,-1.93821085310124,-0.0266715675310355,0.2718712892994,-1.9569248991983;
2.17999999999987,0.0110858716711361,0.515782717611084,-2.00451240421701,0.3376622762785,0.207178026361623,-2.00071498851412,0.107940854281622,0.425708099852305,-2.01910542655062,0.0378983888171086,0.0859356446497001,-1.82835045247162;
2.19999999999987,-0.0116335301525911,0.664348122847919,-2.05225620210851,0.327807542806151,0.0535890131808117,-2.05035749425706,0.101395436153033,0.711109252100339,-2.05955271327531,0.108378130651612,-0.00703217767514997,-1.8182934184317;
2.21999999999987,-0.0237325998608033,0.820528631097498,-2.07612810105425,0.390244356158019,-0.0232054934095942,-2.07517874712853,0.0488514233009115,1.10555462605017,-1.89485912722367,0.163423105109284,-0.053516088837575,-1.86513406730911;
2.23999999999986,-0.0488679383428772,1.1016943835648,-2.08806405052713,0.369300163270355,-0.0616027467047971,-2.07080813286259,-0.00400915233412908,1.2990223276926,-1.99742956361183,0.112562638336693,-0.0767580444187875,-1.85915536034714;
2.25999999999986,-0.0758322571829895,1.3008471917824,-2.09403202526356,0.30035618448323,-0.0808013733523985,-1.79697360067345,-0.0904299132432517,1.3995111638463,-2.00799584488575,0.0297664778502159,-0.0883790222093938,-1.83629232222145;
2.27999999999986,-0.073680034831958,1.4004235958912,-2.09701601263178,0.278399739981026,-0.0904006866761993,-1.86907622947681,-0.163643775801161,1.44975558192315,-2.00251781990381,0.0170426678196278,-0.0941895111046969,-1.78186508205685;
2.29999999999986,-0.122197908737161,1.4502117979456,-2.09850800631589,0.292014453768894,-0.0952003433380996,-1.89458696312899,-0.179431823899497,1.47487779096157,-1.93293481494115,-0.108392277979072,0.172351873733464,-1.71974893106596;
2.31999999999986,-0.165547200132359,1.4751058989728,-2.09925400315795,0.308475235879503,-0.0976001716690498,-1.94669756028649,-0.161468351687068,1.48743889548079,-1.71235807997548,-0.217306020867435,0.834188634563418,-1.65089786446877;
2.33999999999985,-0.168440416300768,1.4875529494864,-1.95347125082748,0.289372844189446,-0.0988000858345249,-1.93958140777348,-0.159945773286161,1.49371944774039,-1.49490309289377,-0.240997215813204,1.16709431728171,-1.73770891625081;
2.35999999999985,-0.169597399455545,1.4937764747432,-1.82206828072437,0.177874939784428,-0.0863320583362688,-1.90256080710291,-0.143644742569594,1.4968597238702,-1.42804233844718,-0.230770569595597,1.23703981201076,-1.8117240259965;
2.37999999999985,-0.144676421991109,1.4968882373716,-1.62747202776257,0.0476245923563941,-0.0515529391298348,-1.91324105900228,-0.156601859133079,1.4984298619351,-1.51033765731077,-0.230655072109353,1.36851990600538,-1.70740459759631;
2.39999999999985,-0.121683667357325,1.4984441186858,-1.3783433897415,-0.0635701825357922,-0.0173224328522709,-1.96361255964488,-0.183965366383709,1.47411292357848,-1.70976623027434,-0.203227502294605,1.43425995300269,-1.5319035957237;
2.41999999999984,-0.119458422986447,1.4992220593429,-1.13665946638183,-0.166229454385114,0.0715526045081602,-1.9382292823039,-0.233315850744802,1.35823505900108,-1.90488311513717,-0.114587144349131,1.46712997650134,-1.46586888929108;
2.43999999999984,-0.177576134367674,1.49961102967145,-1.23974974411525,-0.259949639492667,0.165735641157507,-1.84029977699332,-0.243727892165461,1.03472121994596,-2.00244155756859,-0.0148898545375033,1.48356498825067,-1.63113278696885;
2.45999999999984,-0.338788067183837,1.18119224938096,-1.66987487205763,-0.242543205347377,0.277895082551181,-1.79422789404895,-0.14060958183064,0.60365777036002,-2.05122077878429,0.0607832507555403,1.14832339906451,-1.86556639348442;
2.47999999999984,-0.419394033591919,0.665383050006335,-1.88493743602881,-0.166073515577474,0.378883171835512,-1.94711394702448,-0.00786189693338655,0.25182888518001,-1.97059081999517,0.0160778488846977,0.637160030125365,-1.98278319674221;
2.49999999999984,-0.459697016795959,0.282691525003167,-1.99246871801441,-0.0922608102179364,0.471115276594445,-2.02355697351224,0.00400280347403396,0.0759144425900051,-1.81606578930247,-0.0358418225182911,0.608784614562385,-2.04139159837111;
2.51999999999983,-0.47984850839798,0.0913457625015837,-2.0462343590072,-0.0119845295358099,0.621922917852543,-2.06177848675612,-0.0817492562982614,-0.0120427787049975,-1.75815217546636,0.0176369447045614,1.00522387552231,-2.02070294578246;
2.53999999999983,-0.48992425419899,-0.00432711874920814,-2.0731171795036,-0.0410779768431384,0.985410408024859,-2.08088924337806,-0.181242558084586,-0.0560213893524987,-1.88487839724627,0.069239246573701,1.10422519707665,-2.05468142608489;
2.55999999999983,-0.48779679525898,-0.0521635593746041,-2.0865585897518,0.0593392094868323,1.24270520401243,-2.09044462168903,-0.183216270964672,-0.0780106946762494,-1.67912357313438,0.150484727485306,1.30211259853832,-1.93964663435859;
2.57999999999983,-0.424084960167637,-0.076081779687302,-2.04384916892413,0.0995550124296497,1.37135260200621,-2.09522231084452,-0.162411192437673,-0.0890053473381247,-1.74394608966015,0.233210973075691,1.40105629926916,-1.82699385727367;
2.59999999999982,-0.305796490284319,-0.088040889843651,-1.91109803552808,0.129047563893048,1.43567630100311,-2.09761115542226,-0.08594041552676,-0.0945026736690623,-1.7567015659387,0.327387089397343,1.4117990541756,-1.71055961621265;
2.61999999999982,-0.221068016575036,-0.0940204449218255,-1.84658358213992,0.156908172777517,1.46783815050155,-2.09880557771113,0.0799015678637562,-0.0972513368345312,-1.76827089844024,0.389061882329897,1.33450221063196,-1.63534092045059;
2.63999999999982,-0.188810468458264,-0.0970102224609128,-1.85206275640771,0.190383984650783,1.48391907525078,-2.09940278885556,0.289950783931878,0.476596060861299,-1.71496067075866,0.386850207961061,1.26077194333821,-1.61602414864416;
2.65999999999982,-0.241078846823736,-0.0985051112304564,-1.78718828886174,0.134383913678731,1.49195953762539,-2.09970139442778,0.394975391965939,0.988298030430649,-1.64099545344183,0.398112596827973,1.29795521557703,-1.6250747785872;
2.67999999999982,-0.225690390056155,-0.0992525556152282,-1.81733294591021,0.124127903780741,1.49597976881269,-2.05252285092521,0.44748769598297,1.24414901521532,-1.51560585878526,0.333349513688797,1.39897760778852,-1.5767022513303;
2.69999999999981,-0.187673460933458,-0.0996262778076141,-1.9586664729551,0.135271060864828,1.49798988440635,-1.7355566103729,0.402839230681914,1.37207450760766,-1.532522797993,0.27733401521003,1.44948880389426,-1.5987506147699;
2.71999999999981,-0.12593804453457,-0.0998131389038071,-1.90430871512669,0.13755792280073,1.49899494220317,-1.37850267685813,0.303234595847854,1.43603725380383,-1.56378953924337,0.233267373959004,1.44349899150478,-1.79844468218468;
2.73999999999981,-0.022735072248402,-0.0759613690086357,-1.67126377878675,0.140056393842077,1.49949747110159,-1.1262359013029,0.167874716318016,1.46801862690192,-1.47761360491593,0.174209930856913,1.15811720866733,-1.94922234109234;
2.75999999999981,0.0845048136148737,-0.037418314680862,-1.62485988914017,0.140681556811022,1.38963178885356,-1.18452975699644,0.0160627429665946,1.48400931345096,-1.4761544693772,0.13848042784129,0.920996301267412,-2.02461117054617;
2.7799999999998,0.139573149414554,0.135761191017723,-1.66970746904137,0.28319402414068,1.0725042904038,-1.64226487849822,-0.0738317803054143,1.2637016325527,-1.69311129993518,0.081426982124619,0.704484158204927,-2.06230558527308;
2.7999999999998,0.0776211415388655,0.334778962317753,-1.88485373452068,0.39159701207034,0.673461727530696,-1.87113243924911,0.00462802690719125,0.804624630477703,-1.89655564996759,0.0257642962733767,0.406874528252549,-2.01377967185178;
2.8199999999998,0.0405388205577171,0.426677661033297,-1.99242686726034,0.37562908579286,0.296997012809385,-1.98556621962455,0.106928230734937,0.500999260677236,-1.9982778249838,0.0533132530351411,0.153437264126274,-1.84165372047026;
2.8399999999998,-0.00447710487598003,0.541170991406751,-2.04621343363017,0.308177747375648,0.0984985064046925,-2.04278310981228,0.131318344579276,0.689588761693904,-2.0491389124919,0.101290503794945,0.0267186320631372,-1.69383243964712;
2.8599999999998,-0.0133236442672899,0.748655063383734,-2.07310671681509,0.398972034278949,-0.000750746797653766,-2.07139155490614,0.0894518009355348,0.920024019661878,-2.02760408368354,0.211888242391247,-0.0366406839684314,-1.87226249896784;
2.87999999999979,-0.0278030937248315,0.984252402421314,-2.08655335840754,0.423352484615366,-0.0503753733988269,-2.08569577745307,0.0765964873398682,1.10604077288674,-2.06380204184177,0.216125994040319,-0.0683203419842157,-1.8572800562943;
2.89999999999979,-0.0717829486396832,1.24212620121066,-2.09327667920377,0.393478734449407,-0.0751876866994134,-1.95048901941234,0.00858480790085301,1.30302038644337,-2.08190102092088,0.195257301486407,-0.0841601709921078,-1.83217516174739;
2.91999999999979,-0.0655894158615134,1.37106310060533,-2.09663833960189,0.330305298544894,-0.0875938433497067,-1.73373878402439,-0.135044055686262,1.40151019322169,-1.98839555140168,0.0749938274209075,-0.0920800854960539,-1.76800417418691;
2.93999999999979,-0.0748086856967937,1.43553155030266,-2.09831916980094,0.339287099231248,-0.0937969216748534,-1.80356837711199,-0.18415693794979,1.45075509661084,-1.92222449956253,0.00237601701340937,-0.096040042748027,-1.75370896813975;
2.95999999999979,-0.136436433750725,1.46776577515133,-2.09915958490047,0.348507032090905,-0.0968984608374267,-1.88394681315354,-0.152857788976497,1.47537754830542,-1.81449080794014,-0.148937716762613,0.385025878493998,-1.67519606678539;
2.97999999999978,-0.17373904226141,1.48388288757567,-2.03958383722143,0.335761747208477,-0.0984492304187133,-1.97571213891472,-0.136304035870466,1.48768877415271,-1.57248502417881,-0.224166193147694,0.942512939246999,-1.66937404438284;
2.99999999999978,-0.168182891596937,1.49194144378783,-1.90034940800586,0.272782931251944,-0.0992246152093567,-1.9615517648576,-0.13547471199842,1.49384438707636,-1.41442966781298,-0.236138644288081,1.2212564696235,-1.73408831737651;
3.01999999999978,-0.162413628692222,1.49597072189392,-1.71645911242325,0.136015283874482,-0.082668495234378,-1.91979367298475,-0.12557417946265,1.49692219353818,-1.409338100365,-0.241830220257291,1.33548191732976,-1.72854963134832;
3.03999999999978,-0.135357781944072,1.49798536094696,-1.4579674149839,0.00679114928434803,-0.0816749930662551,-1.9070271649092,-0.147151353742708,1.49846109676909,-1.58055686732689,-0.233639731424574,1.41774095866488,-1.5865042070106;
3.05999999999977,-0.126805892734426,1.49899268047348,-1.16762870079716,-0.0956298608055189,-0.0337713062903602,-1.89826028536407,-0.195768219424302,1.4140091505078,-1.84027843366345,-0.163992103346946,1.45887047933244,-1.46554891961591;
3.07999999999977,-0.151548415794322,1.49949634023674,-1.08592010501246,-0.218045755350117,0.0725901573826214,-1.8368895420961,-0.23523811886361,1.1768559439196,-1.97013921683172,-0.0556194865747105,1.47943523966622,-1.53685774007329;
3.09999999999977,-0.325774207897161,1.29992960665707,-1.59296005250623,-0.217722373467447,0.178096495565243,-1.7437746291127,-0.174066593992962,0.681356250405996,-2.03506960841586,0.0248163855054075,1.31931536119854,-1.7358610709453;
3.11999999999977,-0.41288710394858,0.811676293482799,-1.84648002625311,-0.170140919914723,0.333610045163069,-1.90578851723503,-0.0370788575948545,0.290678125202998,-1.97195457206453,0.0294923527527896,0.73645064791876,-1.91793053547265;
3.13999999999977,-0.45644355197429,0.3558381467414,-1.97324001312656,-0.110884443040133,0.385025935991721,-2.00289425861752,0.0235553186266984,0.0953390626014991,-1.80660335861785,-0.0189241548633055,0.501524889274626,-2.00896526773633;
3.15999999999976,-0.478221775987145,0.1279190733707,-2.03662000656328,-0.0355486479974987,0.50799873750613,-2.05144712930876,-0.0442167905405479,-0.00233046869925044,-1.7199356592851,0.016762501783397,0.766868713400855,-2.05448263386816;
3.17999999999976,-0.489110887993573,0.0139595366853499,-2.06831000328164,-0.00660984548813116,0.76646336754762,-2.07572356465438,-0.160008192233012,-0.0511652343496252,-1.81516606396224,0.0570149354076516,1.12017734194899,-1.90425993551776;
3.19999999999976,-0.494555443996786,-0.043020231657325,-2.08415500164082,0.0190409974610507,1.08270634035569,-2.08786178232719,-0.178339283551656,-0.0755826171748126,-1.72424424531949,0.102560986475951,1.23533110690666,-1.94938881571077;
3.21999999999976,-0.497277721998393,-0.0715101158286625,-2.00502989411379,0.0865650262611955,1.29135317017784,-2.09393089116359,-0.170007796330195,-0.0877913085874063,-1.67165183396584,0.162082981565002,1.36766555345333,-1.93221284237992;
3.23999999999975,-0.412515756903738,-0.0857550579143313,-1.88265341281903,0.119771215427808,1.39567658508892,-2.0969654455818,-0.136367815158239,-0.0938956542937032,-1.74966314718846,0.236015109766723,1.43383277672666,-1.81492474122589;
3.25999999999975,-0.305513385444209,-0.0928775289571656,-1.79449343264109,0.14354759191915,1.44783829254446,-2.0984827227909,-0.0067146256672694,-0.0969478271468516,-1.73997805558504,0.327835888738037,1.43152832397887,-1.68638500145945;
3.27999999999975,-0.226339334800504,-0.0964387644785828,-1.83552704244855,0.168606147644145,1.47391914627223,-2.09924136139545,0.195626900041732,0.177882327533561,-1.74917390566499,0.367082037863434,1.35825257007812,-1.61165263887183;
3.29999999999975,-0.216174372114073,-0.0982193822392914,-1.83962128952147,0.164542243419698,1.48695957313612,-2.09962068069772,0.347813450020866,0.775851280439296,-1.67748140653685,0.345725119082779,1.31138954015838,-1.59539500443109;
3.31999999999975,-0.240988239485687,-0.0991096911196457,-1.81063374377788,0.128956330388095,1.49347978656806,-1.94871056312718,0.423906725010433,1.13792564021965,-1.54836697111882,0.302986239179298,1.40569477007919,-1.55201806708161;
3.33999999999974,-0.226432129958603,-0.0995548455598229,-1.90336200047285,0.140135418459428,1.49673989328403,-1.72081965175469,0.437340859453459,1.31896282010982,-1.51983938430924,0.256356642834507,1.4528473850396,-1.52155260137709;
3.35999999999974,-0.175704536248909,-0.0997774227799114,-1.85902106190101,0.139009938977486,1.49836994664201,-1.40374184830586,0.343438479443679,1.40948141005491,-1.57933531957457,0.21908392101137,1.46142517309917,-1.6518030240734;
3.37999999999974,-0.0863883977183036,-0.0998887113899557,-1.59876946819015,0.122670413028363,1.49918497332101,-1.08220201126536,0.205318560967987,1.45474070502746,-1.4690451366583,0.166490019110879,1.20380131891138,-1.8759015120367;
3.39999999999974,0.0274450907583867,-0.0999443556949779,-1.52299355200026,0.118420498853506,1.41547090176823,-1.0908998161147,0.0464268292835081,1.47737035251373,-1.40482151423293,0.118847002758603,0.890746532334719,-1.98795075601835;
3.41999999999973,0.107292117351087,-0.000629867418869515,-1.53693629469024,0.198904408457667,1.13094885530115,-1.59544990805735,-0.0813256566797334,1.40507687676307,-1.58061734395423,0.0653079575667879,0.683308791346269,-2.04397537800918;
3.43999999999973,0.0473623981444993,0.241590046234794,-1.76506527645164,0.349366974355176,0.736678595255023,-1.84772495402868,-0.0429903590964595,0.955577571930274,-1.84030867197712,-0.00755955664465321,0.419932323310235,-2.00409210966651;
3.45999999999973,-0.00126159119760203,0.351623552713726,-1.93253263822582,0.373483102083899,0.325062463139597,-1.97386247701434,0.0635365635013918,0.541153792411975,-1.97015433598856,0.00788400084699446,0.159966161655117,-1.84156526350292;
3.47999999999973,-0.0132129027851185,0.449039798813032,-2.01626631911291,0.320200730443347,0.112531231569798,-2.03693123850717,0.125128259949701,0.436853792205896,-2.03507716799428,0.0651024623261156,0.0299830808275586,-1.72661596399204;
3.49999999999973,-0.0178414131406824,0.606418640458071,-2.05813315955646,0.354781287253076,0.00626561578489913,-2.06846561925358,0.0893018151784028,0.731976697810216,-1.99545006823863,0.121172369497332,-0.0350084595862207,-1.75287465384432;
3.51999999999972,-0.017801466644003,0.762348446768266,-2.07906657977823,0.427390643626538,-0.0468671921075504,-2.08423280962679,0.0466480994951767,1.09829546112206,-1.81653701251907,0.170453523882882,-0.0675042297931103,-1.76642743016694;
3.53999999999972,-0.0338845971525679,1.08291473861622,-2.08953328988911,0.415375843778296,-0.0734335960537752,-2.05752833608972,-0.00229591783225325,1.29914773056103,-1.95826850625953,0.14276612842513,-0.0837521148965552,-1.77288363409745;
3.55999999999972,-0.0643602152318244,1.29145736930811,-2.09476664494456,0.331285190947376,-0.0867167980268876,-1.87256135704213,-0.0656834980663647,1.39957386528051,-1.94668178902607,0.118266237797503,-0.0918760574482776,-1.80657876944893;
3.57999999999972,-0.0851976034865024,1.39572868465405,-2.09738332247228,0.276504628840845,-0.0933583990134438,-1.687332234095,-0.171004068693369,1.44978693264026,-1.95684237056246,0.00753115347135272,-0.0959380287241388,-1.76099790442166;
3.59999999999971,-0.133162294518215,1.44786434232703,-2.09869166123614,0.300626493783673,-0.0966791995067219,-1.78305301532669,-0.192717646281346,1.47489346632013,-1.85534236815209,-0.128500928028881,0.432559790297774,-1.67801760637848;
3.61999999999971,-0.151613227671018,1.47393217116351,-1.98916315191858,0.325333159611563,-0.098339599753361,-1.94152650766335,-0.18918508108478,1.48744673316006,-1.60986039383528,-0.203716125063329,0.966279895148887,-1.65486641776606;
3.63999999999971,-0.14444624868315,1.48696608558176,-1.84696482893761,0.267950345598628,-0.0991697998766805,-2.00074387159329,-0.176032058278825,1.47988931926253,-1.41954598299323,-0.244193198468402,1.23313994757444,-1.70839758938573;
3.65999999999971,-0.142416723804084,1.49348304279088,-1.7028040127304,0.118447753351415,-0.0875911579492045,-1.93943357152929,-0.156776107092751,1.48994465963126,-1.39145130749374,-0.2417090617548,1.31227237161056,-1.73719051393878;
3.67999999999971,-0.123401203670307,1.49674152139544,-1.44627322933807,-0.0126979558857853,-0.0810431294621206,-1.90785524091716,-0.17300534761948,1.49497232981563,-1.55547045288399,-0.222220533437062,1.40613618580528,-1.59417738275235;
3.6999999999997,-0.115182477493189,1.49837076069772,-1.15291372429199,-0.118178861995169,-0.0442353870958674,-1.90487702112196,-0.218619234745714,1.39128810439527,-1.82773522644199,-0.154523665580416,1.45306809290264,-1.46158809342238;
3.7199999999997,-0.142947031984281,1.49918538034886,-1.09551816528473,-0.244939998815273,0.0609854208185977,-1.84326424708365,-0.255338057371484,1.14878260331363,-1.963867613221,-0.0437995479868175,1.47653404645132,-1.53116009820627;
3.7399999999997,-0.32147351599214,1.32543721646532,-1.59775908264236,-0.242054411982404,0.162573247490064,-1.739164348495,-0.186410924838238,0.644072481180281,-2.0319338066105,0.0324637437678217,1.30973633017146,-1.73755449945294;
3.7599999999997,-0.41073675799607,0.78953234181039,-1.84887954132118,-0.180869978475028,0.303309943943091,-1.91863036555648,-0.050629592262831,0.272036240590141,-1.93379204187413,0.0243541963804185,0.721484938691077,-1.91877724972647;
3.77999999999969,-0.455368378998035,0.344766170905195,-1.97443977066059,-0.117323784136501,0.361203373804126,-2.00931518277824,0.00554492278738486,0.0860181202950703,-1.76589929567585,-0.0254211314564735,0.502420039688556,-2.00938862486324;
3.79999999999969,-0.477684189499018,0.122383085452598,-2.0372198853303,-0.0337898882745339,0.48074706263067,-2.05465759138912,-0.0710347769466854,-0.00699093985246486,-1.68656603598003,0.0138380422172055,0.811236576097711,-2.05241872630338;
3.81999999999969,-0.488842094749509,0.0111915427262987,-2.06860994266515,-0.0351004211365498,0.771344039175519,-2.07732879569456,-0.20702121127684,-0.0534954699262324,-1.8050910199851,0.0489150012521498,1.10238695336258,-1.88293168823829;
3.83999999999969,-0.494421047374754,-0.0444042286368506,-2.07668038093569,-0.0187972817450423,1.11459053622365,-2.08866439784728,-0.226234010999596,-0.0767477349631162,-1.73115393942447,0.0909834415211555,1.14149721956688,-1.99146584411914;
3.85999999999969,-0.497210523687377,-0.0722021143184253,-1.96728321057321,0.080354204891639,1.30729526811183,-2.09433219892364,-0.190628076466518,-0.0883738674815581,-1.58899306419418,0.159981841171497,1.32074860978344,-1.93196733067659;
3.87999999999968,-0.43737331966687,-0.0861010571592127,-1.84237489870072,0.109501070141056,1.40364763405591,-2.09716609946182,-0.168245350555876,-0.094186933740779,-1.74634835304283,0.232202007335779,1.41037430489172,-1.80645800863816;
3.89999999999968,-0.33601559450293,-0.0930505285796063,-1.74733183170796,0.139501692831148,1.45182381702796,-2.09858304973091,-0.0316426201841726,-0.0970934668703895,-1.72911245615017,0.326868206045209,1.45518715244586,-1.66967501806773;
3.91999999999968,-0.255315678368332,-0.0965252642898032,-1.80607796204806,0.171824520617539,1.47591190851398,-2.09929152486546,0.17508412499321,0.147637758676011,-1.73187957302099,0.368244905959158,1.38402271202234,-1.59964455002326;
3.93999999999968,-0.237794138317467,-0.0982626321449016,-1.82186794525743,0.16908551622918,1.48795595425699,-2.09964576243273,0.337542062496605,0.755598681183556,-1.65556153454068,0.340646174197688,1.31310449804379,-1.58818651404867;
3.95999999999967,-0.255313485326946,-0.0991313160724508,-1.79427245679677,0.129846703655972,1.49397797712849,-1.93817299246247,0.418771031248303,1.12779934059178,-1.50276102621199,0.296545142057188,1.39201084954298,-1.53565084321742;
3.97999999999967,-0.241591955752462,-0.0995656580362254,-1.86045059473902,0.135051702085859,1.49698898856425,-1.69124630659548,0.429495760375128,1.31389967029589,-1.49212995419324,0.24308020061386,1.44600542477149,-1.4889945848954;
3.99999999999967,-0.18921488480334,-0.0997828290181127,-1.77183343724206,0.133111057789985,1.49849449428212,-1.35521945938333,0.324845915523105,1.40694983514794,-1.55513578926236,0.199780904979171,1.44476695503482,-1.60604755799831;
4.01999999999968,-0.101021160267614,-0.0998914145090564,-1.505474108238,0.105242634669872,1.49924724714106,-1.03421134941212,0.18541033659723,1.45347491757397,-1.43786890643194,0.150654827222557,1.19613752288465,-1.85302377899916;
4.03999999999968,0.0151185456997044,-0.0999457072545282,-1.45025751132715,0.102879293986128,1.38916750260267,-1.08656747337397,0.0202500553645027,1.47673745878699,-1.40580568232812,0.106518472366199,0.872576671455525,-1.97651188949958;
4.05999999999969,0.0873933001401964,-0.00469283815866664,-1.46335989082331,0.189096018586539,1.10744688663916,-1.59328373668698,-0.0992463412027889,1.35340116981746,-1.59479550678868,0.0528390408717918,0.675913643645358,-2.03825594474979;
4.0799999999997,0.027324524921325,0.22389444233653,-1.71658292931554,0.332822492973995,0.714635545780442,-1.84664186834349,-0.044457091795471,0.909532000442749,-1.84739775339434,-0.0156099956649876,0.405686747931993,-2.01341824079607;
4.0999999999997,-0.0208726377277835,0.331460548051581,-1.90829146465777,0.363629442879057,0.307317772890221,-1.97332093417175,0.0722366454665528,0.510133732269409,-1.97369887669717,0.00327132093815325,0.152843373965996,-1.8434799588971;
4.11999999999971,-0.0335842225446932,0.428814128343456,-2.00414573232888,0.315224417064834,0.103658886445111,-2.03666046708587,0.13248695266568,0.421307409261764,-2.03684943834859,0.0605299418564057,0.0264216869829982,-1.73390563166403;
4.13999999999972,-0.0295177792258378,0.561163666995462,-2.05207286616444,0.344591864751899,0.0018294432225553,-2.06833023354294,0.0990285057441559,0.717879680025131,-1.97323231657305,0.110605945259105,-0.0367891565085009,-1.7579446168555;
4.15999999999972,-0.0159871643159447,0.711668133811204,-2.07603643308222,0.413664826952976,-0.0490852783887224,-2.08416511677147,0.0419940176167174,1.08223204773046,-1.79343775937934,0.174802231624609,-0.0683945782542505,-1.76890283086961;
4.17999999999973,-0.0287112077759533,1.03697417978249,-2.08801821654111,0.395421311658403,-0.0745426391943612,-2.06348432730854,-0.00418146865774774,1.29111602386523,-1.94638921832035,0.143060480274203,-0.0841972891271252,-1.76820650924775;
4.19999999999974,-0.0596836416267767,1.26848708989125,-2.09400910827055,0.310891643664132,-0.0872713195971806,-1.89360020374865,-0.0699977029224713,1.39555801193262,-1.92367907571291,0.110490698773385,-0.0920986445635626,-1.80009209925698;
4.21999999999974,-0.0887065263759799,1.38424354494562,-2.09700455413528,0.270323479722386,-0.0936356597985903,-1.71267073708579,-0.177991042775933,1.44777900596631,-1.94835333132493,0.00148140428400106,-0.0960493222817813,-1.77182001975559;
4.23999999999975,-0.177448770809755,1.44212177247281,-2.09850227706764,0.29436635879201,-0.0968178298992952,-1.75303834357761,-0.201532457194241,1.47388950298315,-1.86958906900757,-0.180680072317838,0.541367738647012,-1.64667624040138;
4.25999999999976,-0.154759023094468,1.47106088623641,-1.9978085809605,0.31454062892756,-0.0984089149496476,-1.9265191717888,-0.202422640483336,1.48694475149158,-1.61949069774088,-0.231798673873305,1.02068386932351,-1.63674926511293;
4.27999999999976,-0.140924445343163,1.4855304431182,-1.85343211261713,0.249842114218876,-0.0992044574748238,-1.99390571335679,-0.18541718490956,1.47558129059793,-1.42527904051511,-0.258466656806648,1.26034193466175,-1.70253770824197;
4.29999999999977,-0.132834333753658,1.4927652215591,-1.66989638957274,0.100204782967173,-0.0996022287374119,-1.940341074366,-0.163499555627693,1.48779064529897,-1.40234708705529,-0.252414690555423,1.37987342094416,-1.68496452210309;
4.31999999999978,-0.115332641291655,1.49638261077955,-1.3973786898101,-0.0363137290455884,-0.099801114368706,-1.89695809836121,-0.184356561919147,1.47524077352763,-1.59757158716015,-0.215471006185457,1.43993671047208,-1.55881161062897;
4.33999999999978,-0.108461218917388,1.49819130538978,-1.11017325260463,-0.157466981290677,-0.0628334180356408,-1.88784459707604,-0.236913753161875,1.35385089842916,-1.84878579358008,-0.130187286511384,1.46996835523604,-1.46429515912623;
4.35999999999979,-0.165664549392471,1.49909565269489,-1.18019672502191,-0.265686732470442,0.0313743762254047,-1.79810292659931,-0.258598285024388,1.03932667090714,-1.97439289679004,-0.020037244744759,1.48498417761802,-1.57504955447957;
4.3799999999998,-0.332832274696235,1.26081593543062,-1.64009836251096,-0.247028694718803,0.146512040102448,-1.70893469869461,-0.153711540850512,0.530768646370471,-2.03719644839502,0.0555542283318136,1.19684141589641,-1.81608039099597;
4.3999999999998,-0.416416137348118,0.666017367987679,-1.87004918125548,-0.168479922696811,0.255349974137528,-1.90446734934731,-0.0222596848768551,0.215384323185236,-1.90097069290746,0.0111861690412806,0.616178505189417,-1.95804019549798;
4.41999999999981,-0.458208068674059,0.28300868399384,-1.98502459062774,-0.101699709735742,0.355868443003289,-2.00223367467365,-0.00172831419917738,0.0576921615926178,-1.72577577455574,-0.0309044499928332,0.489427503231763,-2.02902009774899;
4.43999999999982,-0.479104034337029,0.0915043419969198,-2.04251229531387,-0.0126409720591859,0.487762416477497,-2.05111683733683,-0.0938749271820625,-0.0211539192036911,-1.66303062252072,0.0169582673045706,0.894431464018225,-1.98188699627745;
4.45999999999982,-0.489552017168515,-0.00424782900154012,-2.07125614765693,-0.0339457231368699,0.801477879820017,-2.07555841866841,-0.220805015871457,-0.0605769596018456,-1.78224314357771,0.0672981880174434,1.1656519254753,-1.84942730141097;
4.47999999999983,-0.494776008584257,-0.0521239145007701,-2.06070409359241,-0.0189910499555905,1.15073893991001,-2.08777920933421,-0.244760143910613,-0.0802884798009228,-1.73292314363486,0.102837252520837,1.14955612821922,-1.97471365070549;
4.49999999999984,-0.497388004292129,-0.076061957250385,-1.93156095416201,0.0818617586144289,1.325369469955,-2.0938896046671,-0.200761549549682,-0.0901442399004614,-1.58489070660356,0.178345184278149,1.32477806410961,-1.91500712800129;
4.51999999999984,-0.421100680345832,-0.0880309786251925,-1.79946224227971,0.114698170614664,1.4126847349775,-2.09694480233355,-0.160800488033584,-0.0950721199502307,-1.73426403168084,0.254940791106055,1.4123890320548,-1.77771058613113;
4.53999999999985,-0.321807969567448,-0.0940154893125963,-1.73611605234656,0.147829042172643,1.45634236748875,-2.09847240116678,-0.00201031209960158,-0.0975360599751154,-1.72687384666623,0.3434953713297,1.45561072429461,-1.64758089897062;
4.55999999999986,-0.249698936222628,-0.0970077446562981,-1.79959477815883,0.183314500200854,1.47817118374438,-2.09923620058339,0.216163241853642,0.276040530324237,-1.71087685615629,0.368376141780573,1.36371742288492,-1.59664671032144;
4.57999999999986,-0.254617772936143,-0.0985038723281491,-1.80960014777311,0.162282226258569,1.48908559187219,-2.09961810029169,0.358081620926821,0.884791421949991,-1.6276964311342,0.342151816484311,1.31536465187978,-1.5905337612257;
4.59999999999987,-0.265729735314507,-0.0992519361640745,-1.7953922883517,0.129813600268986,1.49454279593609,-1.91315718251775,0.424273983833772,1.192395710975,-1.46687450431489,0.288989600239684,1.40768232593989,-1.51732158861685;
4.61999999999988,-0.236087713450024,-0.0996259680820373,-1.84617877085241,0.134187131269289,1.49727139796805,-1.60751511731898,0.412446239887467,1.3461978554875,-1.48948687177252,0.237536397724593,1.45384116296994,-1.49846804689431;
4.63999999999988,-0.169978914365088,-0.0998129840410186,-1.6829617675604,0.123496372870362,1.49863569898402,-1.24509384472745,0.290515175312157,1.42309892774375,-1.51598739406144,0.192010236158592,1.39278791012877,-1.67511226212513;
4.65999999999989,-0.071218851856845,-0.0999064920205093,-1.44288458210536,0.0941034311909262,1.49931784949201,-1.00293730417678,0.14817235134512,1.46154946387187,-1.38872303257721,0.137742318697086,1.11469218910989,-1.88755613106257;
4.6799999999999,0.0432787054516587,-0.0999532460102547,-1.43765982157145,0.098649223191479,1.32060734670111,-1.14142982919906,-0.0236620431022357,1.48077473193594,-1.41589077507624,0.0953531233406619,0.794253689950987,-1.99377806553128;
4.6999999999999,0.0793103822935479,0.0587225080068355,-1.47132864943968,0.219915672711004,1.00148194750522,-1.62071491459953,-0.0986626734771585,1.23818824663852,-1.66282293694799,0.0192839445638933,0.594590858075164,-2.04688903276564;
4.71999999999991,-0.00358695820625341,0.260841068652046,-1.74814367171043,0.314691689695651,0.592946826022737,-1.86035745729976,-0.000163452150337681,0.787594177201857,-1.88141146847399,-0.0379664879059654,0.328327335642349,-1.979085225783;
4.73999999999992,-0.0413305828752901,0.361189751340336,-1.92407183585521,0.316071516616014,0.246473413011368,-1.98017872864988,0.104234658717159,0.466709292866523,-1.990705734237,0.00631235514999126,0.114163667821174,-1.82576468930751;
4.75999999999992,-0.0595438830943299,0.463082697249147,-2.01203591792761,0.27702920036657,0.0732367065056841,-2.04008936432494,0.144199372052671,0.496503070462612,-2.0453528671185,0.0597175152844225,0.00708183391058722,-1.74890724294439;
4.77999999999993,-0.0471654727504349,0.599055304381596,-2.0560179589638,0.310570016290463,-0.0133816467471579,-2.07004468216247,0.0926193550822744,0.841338999802305,-1.92488641285498,0.115869921830596,-0.0464590830447064,-1.78427157935031;
4.79999999999994,-0.0277060354970741,0.776622022317522,-2.0780089794819,0.362073695851225,-0.056690823373579,-2.08502234108124,0.0188350116013293,1.17066949990115,-1.78069733005563,0.190128089977951,-0.0732295415223532,-1.78765580324594;
4.81999999999994,-0.0509511918436909,1.07494064029389,-2.08900448974095,0.316891955233047,-0.0783454116867895,-2.02161362711029,-0.036741903483927,1.33533474995058,-1.93831909111043,0.11372588852726,-0.0866147707611766,-1.78034350707265;
4.83999999999995,-0.0809371146863413,1.28747032014695,-2.09450224487048,0.248591933894371,-0.0891727058433947,-1.80625708224096,-0.113275111049443,1.41766737497529,-1.9180333634759,0.0565491223816203,-0.0933073853805883,-1.81313553966151;
4.85999999999996,-0.12396981762378,1.39373516007347,-2.09725112243524,0.257651899182903,-0.0945863529216974,-1.65290586859841,-0.210069118902102,1.45883368748764,-1.96041475040441,-0.0765889942405558,0.028822596105177,-1.76343148309522;
4.87999999999996,-0.172578089468323,1.44686758003674,-2.09862556121762,0.297318796080404,-0.0972931764608487,-1.87645293429921,-0.184583149634309,1.47941684374382,-1.77291416427853,-0.189448307144539,0.689406219736854,-1.65607935467627;
4.89999999999997,-0.169466979619187,1.47343379001837,-1.99111128877608,0.279123610934642,-0.0986465882304244,-1.9882264671496,-0.1742605486922,1.48970842187191,-1.55669662605406,-0.238347560459324,1.09470310986843,-1.67312130470706;
4.91999999999998,-0.146537514982781,1.48671689500918,-1.82425768291457,0.179556613306715,-0.0993232941152122,-1.97805648733037,-0.167766649296509,1.48227311285627,-1.43030139630378,-0.257489846494768,1.29735155493421,-1.70271516213632;
4.93999999999998,-0.131788054137508,1.49335844750459,-1.5963728334283,0.0377045227788455,-0.0996616470576061,-1.9388887211127,-0.172276379848831,1.49113655642814,-1.46227593782217,-0.252942723406838,1.39867577746711,-1.62740387355197;
4.95999999999999,-0.109473890378614,1.4966792237523,-1.29215381273504,-0.0863994752515074,-0.099830823528803,-1.9286821804664,-0.210422593248543,1.44998477973613,-1.73762490333453,-0.20050948101952,1.44933788873355,-1.4954555647319;
4.98,-0.108791895665,1.49833961187615,-1.0516028768265,-0.21774764354769,-0.0266538289129916,-1.89266680887448,-0.270323761052219,1.28587898750143,-1.91881245166726,-0.100238939765465,1.47466894436678,-1.45602463119951;
5,-0.255144896883403,1.49916980593807,-1.4016322049719,-0.269100173988658,0.0694056616753249,-1.76786244715803,-0.252565571341082,0.814645896052502,-2.00940622583363,0.00432152497600925,1.48733447218339,-1.66128576215966;
5.02000000000001,-0.377572448441702,1.07076087608639,-1.75081610248595,-0.22619177057282,0.202281241939957,-1.77442096871909,-0.113923189179681,0.357322948026251,-1.9830845559405,0.0392522400013179,0.970122531177601,-1.88064288107983;
5.04000000000002,-0.438786224220851,0.485380438043194,-1.92540805124297,-0.149163828263362,0.270030793213097,-1.93721048435955,-0.00337136126388216,0.128661474013126,-1.79915317270988,-0.0249977299873248,0.494014979959528,-1.99032144053992;
5.06000000000002,-0.469393112110425,0.192690219021597,-2.01270402562149,-0.0709143975723184,0.394903515112026,-2.01860524217977,-0.0370470081608946,0.0143307370065628,-1.66437030570623,-0.0218111650796838,0.574321233511468,-2.04516072026996;
5.08000000000003,-0.484696556055213,0.0463451095107986,-2.05635201281074,0.0135035632377666,0.549160509472899,-2.05930262108989,-0.122492421211871,-0.0428346314967186,-1.6179215154892,0.0317079374863651,1.03716061675573,-1.90559729214563;
5.10000000000004,-0.492348278027606,-0.0268274452446007,-2.07817600640537,-0.023921124422262,0.927027275743987,-2.07965131054494,-0.222799264461832,-0.0714173157483593,-1.77126505781441,0.0841196738518251,1.12527283114207,-1.93630266128011;
5.12000000000004,-0.496174139013803,-0.0634137226223004,-2.06170107559801,0.0190825160922061,1.21351363787199,-2.08982565527247,-0.282040928140797,-0.0857086578741797,-1.68733611757174,0.117784467281748,1.27420787057287,-1.95141282050822;
5.14000000000005,-0.498087069506902,-0.0817068613111502,-1.86117483892262,0.0990591661424165,1.356756818936,-2.09491282763624,-0.213578102953989,-0.0928543289370898,-1.60573848662086,0.19071602848264,1.38710393528643,-1.86102757438527;
5.16000000000006,-0.448087004182467,-0.0908534306555751,-1.71306680027753,0.126727789257503,1.428378409468,-2.09745641381812,-0.126420245353261,-0.0964271644685449,-1.72182346670482,0.251027875081164,1.44355196764322,-1.75897760979586;
5.18000000000006,-0.363920015572374,-0.0954267153277875,-1.69798382612124,0.163642151760328,1.464189204734,-2.09872820690906,0.0710119151155752,-0.0982135822342725,-1.71626135750936,0.30686689145141,1.47177598382161,-1.67565776254859;
5.20000000000007,-0.275080939173134,-0.0977133576638938,-1.73303549633451,0.212746950590247,1.482094602367,-2.09936410345453,0.272752823783984,0.348969848952349,-1.6658761041578,0.283349331650998,1.4858879919108,-1.64887417478426;
5.22000000000008,-0.256015720784382,-0.0988566788319469,-1.72568368189547,0.187485233050403,1.4910473011835,-2.0122329719753,0.369366815067346,0.911487189929513,-1.61502242620867,0.266174599545134,1.44303248501104,-1.59261485150985;
5.24000000000008,-0.248559189051249,-0.0994283394159735,-1.80067920919763,0.174973804107218,1.49552365059175,-1.77466857919548,0.415864213693646,1.20574359496476,-1.51724788067779,0.250141087480849,1.47151624250552,-1.51913584824171;
5.26000000000009,-0.189401798352529,-0.0997141697079867,-1.84863522766286,0.164951523120656,1.49776182529587,-1.47826243286061,0.378045689457907,1.35287179748238,-1.51077445059042,0.25009435460392,1.48575812125276,-1.59854793725295;
5.2800000000001,-0.0892546040340906,-0.0998570848539934,-1.61829550325003,0.142113348630793,1.49888091264794,-1.12236788692438,0.243269849714763,1.42643589874119,-1.4334137271296,0.223922400700168,1.26413499188458,-1.84927396862647;
5.3000000000001,0.0300497254468677,-0.0999285424269967,-1.4809869471149,0.141230359866086,1.49944045632397,-1.05622134418469,0.0890557365105187,1.46321794937059,-1.35440482847149,0.169981325977602,0.953951223552402,-1.97463698431324;
5.32000000000011,0.119159918265426,-0.0999642712134984,-1.48928459245495,0.192727888024779,1.21972340985792,-1.40826273665419,-0.0460730264343006,1.4816089746853,-1.47779897477356,0.115554481205125,0.711026511520235,-2.03731849215662;
5.34000000000012,0.077810151197952,0.12582051842119,-1.64455470422174,0.346363944012389,0.825813380105582,-1.7541313683271,-0.0439767308909289,1.08222377138834,-1.78889948738678,0.0201863751097417,0.458520202800675,-2.05514359485227;
5.36000000000012,0.00808153908374008,0.251795673810967,-1.87227735211087,0.413453068235748,0.385338731221004,-1.92706568416355,0.0604387440344397,0.608312629846242,-1.94444974369339,-0.0022200365223539,0.181422402940712,-1.879112505968;
5.38000000000013,-0.0207651982658997,0.342926222306256,-1.98613867605544,0.332260751475509,0.142669365610502,-2.01353284208177,0.130630794269875,0.483255225016428,-2.0222248718467,0.0397436567466432,0.0407112014703562,-1.6564604625382;
5.40000000000014,-0.0215821885046311,0.49219502668667,-2.04306933802772,0.338864438409416,0.0213346828052509,-2.05676642104089,0.112711485973515,0.561556134916223,-2.06111243592335,0.108716883476624,-0.0296443992648219,-1.75660608933756;
5.42000000000014,-0.0130278825251732,0.604236393104435,-2.07153466901386,0.41843592041473,-0.0393326585973745,-2.07838321052044,0.0671236183005162,0.917671190846402,-1.87129025273836,0.16083824625415,-0.064822199632411,-1.7474247392336;
5.44000000000015,-0.0210331308587628,0.888014533584536,-2.08576733450693,0.459217960207365,-0.0696663292986873,-2.08919160526022,0.0367690066376124,1.2088355954232,-1.84649038818139,0.1970414208909,-0.0824110998162055,-1.7093058077653;
5.46000000000016,-0.0577158254257956,1.19400726679227,-2.09288366725346,0.381101997777175,-0.0848331646493436,-1.92922806819789,-0.0373879311542315,1.3544177977116,-1.9303159917725,0.164814258791016,-0.0912055499081027,-1.74418284734884;
5.48000000000016,-0.0764909872349162,1.34700363339613,-2.09644183362673,0.317983481131172,-0.0924165823246718,-1.70186993370708,-0.140506850384702,1.4272088988558,-1.91029767817919,0.0720397198086014,-0.0956027749540514,-1.76166052739222;
5.50000000000017,-0.133926021304531,1.42350181669807,-2.09822091681337,0.297297671656894,-0.0962082911623359,-1.66901054476826,-0.185824332785125,1.4636044494279,-1.89898207101556,-0.0912370890436058,0.235810628366366,-1.71554386576215;
5.52000000000018,-0.158675734622679,1.46175090834903,-2.08195891192841,0.318080205133104,-0.098104145581168,-1.88450527238413,-0.17617415574765,1.48180222471395,-1.64634454356299,-0.187378519478315,0.867905314183183,-1.66175996790429;
5.54000000000018,-0.149205441287856,1.48087545417452,-1.86960553433144,0.270720018948388,-0.099052072790584,-1.99225263619206,-0.168248445528625,1.49090111235698,-1.45210057550006,-0.229586950989005,1.18395265709159,-1.70488558774243;
5.56000000000019,-0.150557490493705,1.49043772708726,-1.69726351676208,0.134679331434405,-0.099526036395292,-1.96758371007334,-0.153436269530594,1.49545055617849,-1.38367854979303,-0.250267997608303,1.3153417426884,-1.70186915280943;
5.5800000000002,-0.130883321119274,1.49521886354363,-1.43329154341331,-0.000208234959524878,-0.099763018197646,-1.89893973773664,-0.170719796304375,1.49772527808924,-1.53957367850674,-0.236340668611585,1.4076708713442,-1.58115196616712;
5.6000000000002,-0.11968883601473,1.49760943177181,-1.13786520406063,-0.116170353975734,-0.0873713882301401,-1.88374665829512,-0.220507796349361,1.40319922265897,-1.81978683925337,-0.165631773676902,1.4538354356721,-1.47020475611718;
5.62000000000021,-0.153097135263911,1.49880471588591,-1.07841870508818,-0.243813006921034,0.00375374995002392,-1.81191201733039,-0.261580833465971,1.14863902925198,-1.95989341962669,-0.0537310535740999,1.47691771783605,-1.52796316169516;
5.64000000000022,-0.326548567631956,1.35078662813415,-1.58920935254409,-0.235730770847907,0.106502034477041,-1.70164730959379,-0.189417317644317,0.610394582146133,-2.02994670981334,0.0197012713038848,1.324121432494,-1.7288163841904;
5.66000000000022,-0.413274283815978,0.777794296446986,-1.84460467627204,-0.178050985943134,0.250048769618892,-1.88624550905448,-0.0644097123223338,0.255197291073066,-1.90060858783209,0.00487391558706392,0.713453307246603,-1.9144081920952;
5.68000000000023,-0.456637141907989,0.338897148223493,-1.97230233813602,-0.125605949466852,0.322981441570234,-1.99312275452724,-0.00703478205590415,0.0775986455365332,-1.73381366311055,-0.0331637056300063,0.436236716556269,-2.0072040960476;
5.70000000000024,-0.478318570953994,0.119448574111747,-2.03615116906801,-0.0419673050966996,0.440129053867316,-2.04656137726362,-0.0866625135560283,-0.0112006772317334,-1.66236680089703,0.0108273925568154,0.749121463918546,-2.01815322266446;
5.72000000000024,-0.489159285476997,0.00972428705587331,-2.06807558453401,0.00641923002763898,0.657656511801708,-2.07328068863181,-0.179600485236419,-0.0556003386158667,-1.67319144874449,0.0522373993290211,1.12456073195927,-1.80890332423859;
5.74000000000025,-0.494579642738499,-0.0451378564720634,-1.94501961428086,0.0199048710980232,1.00782843090009,-2.0866403443159,-0.199121686652786,-0.0778001693079333,-1.67310409977851,0.111304554099478,1.14272382572886,-1.95445166211929;
5.76000000000026,-0.497289821369249,-0.0725689282360317,-1.88891332128723,0.089488461073151,1.25391421545005,-2.09332017215795,-0.216424945213142,-0.0889000846539667,-1.6257608539602,0.154551783380229,1.32136191286443,-1.99153052857323;
5.78000000000026,-0.460285774103204,-0.0862844641180158,-1.79542712260822,0.123339468268509,1.37695710772502,-2.09666008607898,-0.198579973388584,-0.0944500423269833,-1.71145259771451,0.231765878586629,1.41068095643221,-1.83783874060116;
5.80000000000027,-0.376923883374234,-0.0931422320590079,-1.71361058200171,0.146323980702934,1.43847855386251,-2.09833004303949,-0.074775319302515,-0.0972250211634917,-1.70686964707426,0.323817752792765,1.43435001114457,-1.66269063276749;
5.82000000000028,-0.30566346546794,-0.096571116029504,-1.78146062118197,0.16583519548872,1.46923927693126,-2.09916502151974,0.140437786477588,0.119243598560558,-1.69812599279906,0.377260891891683,1.3756821381025,-1.57470220437994;
5.84000000000028,-0.288469259246116,-0.098285558014752,-1.79439522734476,0.159245856258764,1.48461963846563,-2.09958251075987,0.320218893238794,0.764692366411321,-1.62583933253301,0.34806664084254,1.28989070589207,-1.538409229176;
5.86000000000029,-0.306079984656932,-0.099142779007376,-1.74848602469361,0.12476751171226,1.49230981923281,-1.87560308852317,0.395647686098462,1.13234618320566,-1.43861930558688,0.288762169355443,1.36058500376772,-1.46045646322606;
5.8800000000003,-0.284244077678503,-0.099571389503688,-1.75379495052296,0.131105871611211,1.49615490961641,-1.61803142715753,0.411572221802893,1.31617309160283,-1.45621092860702,0.225117953059222,1.43029250188386,-1.40363791412531;
5.90000000000031,-0.20716324591437,-0.099785694751844,-1.60722480653623,0.115794103946971,1.4980774548082,-1.259769825584,0.301309117817493,1.40808654580142,-1.4837722254038,0.189632459996713,1.41641727230805,-1.55742476794332;
5.92000000000031,-0.109718137501672,-0.099892847375922,-1.36216392337729,0.077413217826032,1.4990387274041,-0.966624059501442,0.158589514863298,1.45404327290071,-1.37140019298793,0.142315775214917,1.16230607699284,-1.82871238397166;
5.94000000000032,0.015232185960315,-0.099946423687961,-1.33922764867271,0.0819704573369738,1.35203307634663,-1.07736185303487,-0.0161503259480965,1.47702163645035,-1.37863698930145,0.0986197519596847,0.816920364255353,-1.96435619198583;
5.96000000000033,0.0657884631755463,-0.00904080684901591,-1.36499698564274,0.19136169637326,1.03538460615313,-1.58868092651744,-0.105692895260501,1.2781115481675,-1.61034540400207,0.0263962966350929,0.610048109469138,-2.03217809599291;
5.98000000000033,-0.00895662614690702,0.192459059675925,-1.63033717475763,0.305272313182968,0.632467871323405,-1.84434046325872,-0.0213045446112993,0.814003429284708,-1.85517270200104,-0.0385206481740765,0.349489930360179,-2.02609073123163;
6.00000000000034,-0.0573131207078071,0.292975318889019,-1.86516858737882,0.321815648588249,0.266233935661702,-1.97217023162936,0.0976287511967002,0.452909295494862,-1.97758635100052,-0.0120300829373743,0.12474496518009,-1.85666710238072;
6.02000000000035,-0.0823882211967991,0.389290374746023,-1.98258429368941,0.281176734225307,0.0831169678308512,-2.03608511581468,0.148174312312522,0.451537501183901,-2.03879317550026,0.0341570723075198,0.0123724825900448,-1.74393370052384;
6.04000000000035,-0.0708988917730593,0.509159563596099,-2.0412921468447,0.302474229463118,-0.00844151608457442,-2.06804255790734,0.107444467643459,0.750082525296884,-1.91022947683018,0.0866659682998323,-0.0438137587049776,-1.76978875349068;
6.06000000000036,-0.0416180664729249,0.667568663564845,-2.07064607342235,0.347003949944266,-0.0542207580422872,-2.08402127895367,0.0276529679196872,1.0831906838635,-1.75286085731825,0.166352898776991,-0.0719068793524888,-1.77001752232563;
6.08000000000037,-0.0497776881074494,0.942497362597547,-2.08532303671118,0.3051025027355,-0.0771103790211436,-2.04323511557585,-0.026820538764308,1.29159534193175,-1.92275022331397,0.105067183822623,-0.0859534396762444,-1.74833675908571;
6.10000000000037,-0.0844548101830277,1.22124868129877,-2.09266151835559,0.236083279565992,-0.0885551895105718,-1.88979398825172,-0.0963672856117835,1.39579767096587,-1.92676722438892,0.0647675103695351,-0.0929767198381222,-1.78269547962907;
6.12000000000038,-0.115121500273933,1.36062434064939,-2.09633075917779,0.253440783478827,-0.0942775947552859,-1.67512563128473,-0.198505119265395,1.44789883548294,-1.94041933731119,-0.0518586852773449,-0.040792742720117,-1.77503610026719;
6.14000000000039,-0.186427212844486,1.43031217032469,-2.0981653795889,0.289307812679813,-0.097138797377643,-1.82611210176945,-0.193467921704688,1.47394941774147,-1.82718721487065,-0.191993695627869,0.68621825409389,-1.63564138448179;
6.16000000000039,-0.161263071840105,1.46515608516235,-1.99318766525641,0.280343682283663,-0.0985693986888215,-1.96305605088473,-0.19053656671973,1.48697470887073,-1.5943704106308,-0.261326692765564,1.09310912704695,-1.62044350969762;
6.1800000000004,-0.131182770403771,1.48257804258117,-1.82299881841369,0.185979663488519,-0.0992846993444107,-1.99080842691064,-0.182307329647402,1.45976762405817,-1.43851801047211,-0.287890416714356,1.29655456352347,-1.65122411781535;
6.20000000000041,-0.118159485892727,1.49128902129059,-1.59591246975277,0.0416449888334927,-0.0996423496722054,-1.95286869981587,-0.185547238823106,1.47896574552747,-1.44776565973702,-0.275235508249603,1.39827728176174,-1.59895806428783;
6.22000000000041,-0.0986306362530958,1.49564451064529,-1.29118727511572,-0.0883137842125566,-0.0998211748361027,-1.93476197112948,-0.21763711762246,1.42627289799796,-1.73188710781307,-0.209556675337952,1.44913864088087,-1.49893515913185;
6.24000000000042,-0.100428993959296,1.49782225532265,-1.05023322734439,-0.221591093346818,-0.0623295370220857,-1.88766476208642,-0.272364780067486,1.25447081579738,-1.91594355390654,-0.102173057835897,1.47456932044043,-1.46400911166517;
6.26000000000043,-0.256031652817661,1.49891112766132,-1.36946554200452,-0.273045452736489,0.0220437137544296,-1.74868723449446,-0.253959492027304,0.776445622513558,-2.00797177695327,0.0129810780080156,1.48728466022022,-1.66040323055907;
6.28000000000043,-0.37801582640883,1.06431330751114,-1.73473277100226,-0.220911973070439,0.145868734928973,-1.72535199670661,-0.110159498840343,0.338222811256779,-1.95556609105613,0.0423473659054437,0.972632589876687,-1.88020161527954;
6.30000000000044,-0.439007913204415,0.482156653755569,-1.91736638550113,-0.143118120109705,0.211502756880227,-1.91267599835331,-0.00506917436409524,0.119111405628389,-1.76990080362333,-0.0293550114385288,0.472288449078816,-1.99010080763977;
6.32000000000045,-0.469503956602208,0.191078326877785,-2.00868319275057,-0.0722121649859686,0.358177949094029,-2.00633799917665,-0.0423629520311382,0.0095557028141947,-1.63146596643216,-0.0275109889384111,0.542039845123896,-2.04505040381988;
6.34000000000045,-0.484751978301104,0.0455391634388923,-2.05434159637528,0.0152237406433453,0.530097866606341,-2.05316899958833,-0.145824043650152,-0.0452221485929026,-1.62501697735432,0.0258296476664146,1.02101992256195,-1.91354525553505;
6.36000000000046,-0.492375989150552,-0.0272304182805538,-2.05666082203904,-0.0221064613729303,0.875603944337182,-2.07658449979416,-0.242405618378878,-0.0726110742964513,-1.72241284944834,0.0825331848294536,1.17503477278725,-1.87733383410831;
6.38000000000047,-0.496187994575276,-0.0636152091402769,-1.96766915470619,-0.00120919473318184,1.18780197216859,-2.07517526433762,-0.276267957066179,-0.0863055371482257,-1.69320214439542,0.106370908887734,1.16537753911503,-1.98866691705416;
6.40000000000047,-0.498093997287638,-0.0818076045701385,-1.8156117774559,0.0966598105065628,1.3439009860843,-2.08758763216881,-0.217784409212411,-0.0931527685741128,-1.57270829850987,0.193039258555348,1.33268876955751,-1.90678847490167;
6.42000000000048,-0.432955656671468,-0.0909038022850692,-1.69054758958583,0.124924840908875,1.42195049304215,-2.0937938160844,-0.150006801926762,-0.0965763842870564,-1.7051429161159,0.271303877152888,1.41634438477876,-1.74861555277514;
6.44000000000049,-0.350520811390849,-0.0954519011425346,-1.68289045002344,0.16443778275531,1.46097524652107,-2.0968969080422,0.040043202716276,-0.0982881921435282,-1.70593778534371,0.339448234696134,1.45817219238938,-1.63757135361039;
6.46000000000049,-0.278722099220739,-0.0977259505712673,-1.73112146509827,0.202879558797089,1.48048762326054,-2.0984484540211,0.262336102166854,0.414496966307119,-1.66618265382269,0.330006161758772,1.41559023371071,-1.60942006602687;
6.4800000000005,-0.287653715091937,-0.0988629752856337,-1.72394262081951,0.165768836138352,1.49024381163027,-2.00747386747533,0.367442407925468,0.95724848315356,-1.5457492509078,0.306522214924033,1.35107661838696,-1.57128298677406;
6.50000000000051,-0.277442069986459,-0.0994314876428168,-1.75667939248964,0.146848587094597,1.49512190581513,-1.80942197558251,0.414880361715725,1.22862424157678,-1.42814054084773,0.262053381460277,1.42553830919348,-1.43849014837246;
6.52000000000051,-0.223458835352956,-0.0997157438214084,-1.75703204007588,0.138458330183651,1.49756095290757,-1.46318045018597,0.373278191168989,1.36431212078839,-1.48076019531963,0.229220019110723,1.46276915459674,-1.48667324135055;
6.54000000000052,-0.139366325969248,-0.0998578719107042,-1.48224109873992,0.109025966301275,1.49878047645378,-1.07813584982596,0.226610642115218,1.43215606039419,-1.4117762816274,0.192016563777469,1.29031968905946,-1.75448589597816;
6.56000000000053,-0.018551138458028,-0.0999289359553521,-1.3564552747499,0.0924653424693709,1.49939023822689,-1.01497264593463,0.0708876231511149,1.4660780301971,-1.33718133033931,0.135146052422296,0.937814320099456,-1.92724294798908;
6.58000000000053,0.077945643158071,-0.0999644679776761,-1.3660723966008,0.13323364207514,1.19275778219175,-1.35681349381616,-0.0771781085332377,1.48303901509855,-1.44517841965764,0.0769508629452045,0.657861525303177,-2.01362147399454;
6.60000000000054,0.0382550845003688,0.113112703812523,-1.51452061740784,0.286898712860385,0.796802668199301,-1.72840674690808,-0.0723414110342733,1.08114283808278,-1.76779660299823,-0.0237540957624289,0.425216594579842,-2.05681073699727;
6.62000000000055,-0.0412002964091021,0.226453747278652,-1.78826608463241,0.34535780655684,0.350675537400127,-1.91420337345404,0.0484617281357412,0.601786760132546,-1.93389830149911,-0.0492230932560847,0.162608297289921,-1.87827425616152;
6.64000000000055,-0.0683456877505639,0.31107091999362,-1.94413304231621,0.302490624126504,0.125337768700063,-2.00710168672702,0.12583932640155,0.389425732513783,-2.01694915074956,0.00836361027522453,0.0313041486449604,-1.70516617455665;
6.66000000000056,-0.0757704712766339,0.419482288242927,-2.0220665211581,0.293719300596272,0.0126688843500316,-2.05355084336351,0.118480312834183,0.537028222690283,-2.03810963520831,0.0547769116201181,-0.0343479256775198,-1.70651879389377;
6.68000000000057,-0.0581507242628897,0.529850957036788,-2.06103326057905,0.340556618853586,-0.0436655578249842,-2.07677542168175,0.0567717918058232,0.883917537038653,-1.81578894798669,0.107105810584534,-0.0671739628387599,-1.7162927452688;
6.70000000000057,-0.0345367408250255,0.775683896363167,-2.08051663028953,0.38956628187705,-0.0718327789124921,-2.08838771084088,0.0184459206859269,1.15443505779163,-1.76126012178616,0.190039213866944,-0.08358698141938,-1.74527309258603;
6.72000000000058,-0.0531786716210088,1.1004080735745,-2.09025831514476,0.319237560551409,-0.0859163894562461,-1.98238613356718,-0.0414606381754082,1.32721752889582,-1.89026417420485,0.122572728977081,-0.09179349070969,-1.7217302755506;
6.74000000000059,-0.0794257587307315,1.30020403678725,-2.09512915757238,0.243719293733957,-0.092958194728123,-1.76405366385762,-0.129276282851895,1.41360876444791,-1.84735157929946,0.0598189990150319,-0.095896745354845,-1.80706890602863;
6.76000000000059,-0.140203090613764,1.40010201839362,-2.09756457878619,0.250419813225926,-0.0964790973640615,-1.65550646496209,-0.196115824016432,1.45680438222395,-1.90856289487625,-0.106310581344993,0.203169369384192,-1.71640076080936;
6.7800000000006,-0.185166147205075,1.45005100919681,-2.0913777295424,0.271999724423022,-0.0982395486820308,-1.87749135947422,-0.178677895681312,1.47840219111198,-1.68644631764066,-0.222244591304973,0.851584684692096,-1.626964757045;
6.80000000000061,-0.15239694737039,1.47502550459841,-1.8873603047765,0.229503014343545,-0.0991197743410154,-1.98874567973711,-0.172120821782077,1.45823520705577,-1.50070636699981,-0.27777570942507,1.17579234234605,-1.6222578794757;
6.82000000000061,-0.136885394566467,1.4875127522992,-1.69868208942745,0.101038167008542,-0.0995598871705077,-2.00384725445558,-0.173032419834596,1.46305692933737,-1.4077391168991,-0.296368685858775,1.33789617117302,-1.59941151445108;
6.84000000000062,-0.114326011892761,1.4937563761496,-1.4049974599378,-0.0433989610628373,-0.0997799435852539,-1.94926034268761,-0.20711643822693,1.47735526930659,-1.59500598418312,-0.246242180415655,1.41894808558651,-1.51929209532836;
6.86000000000063,-0.104495422719223,1.4968781880748,-1.1158305366286,-0.167848419664109,-0.0916089792846923,-1.90710975556088,-0.265592806973572,1.35694966500684,-1.84750299209156,-0.148840418134463,1.45947404279326,-1.4457792133217;
6.88000000000063,-0.171958876787773,1.4984390940374,-1.12655561364931,-0.276880306958062,-0.0133574853241088,-1.79244997217512,-0.292082013208924,1.02430468740903,-1.97375149604578,-0.0332543487719358,1.47973702139663,-1.55267169923211;
6.90000000000064,-0.335979438393887,1.28495775292843,-1.61327780682465,-0.249255435347012,0.07750254820289,-1.68346611268449,-0.175132023850708,0.470176809742264,-2.01993334232221,0.0352788051281541,1.21083975527191,-1.82633584961605;
6.92000000000065,-0.417989719196943,0.669376962535229,-1.85663890341233,-0.17794493192407,0.187366324417302,-1.89173305634224,-0.0592902288633729,0.185088404871132,-1.82574449896042,-0.0219282211703971,0.605290452110288,-1.96316792480803;
6.94000000000065,-0.458994859598472,0.284688481267615,-1.97831945170616,-0.124900469153983,0.296981337543581,-1.99586652817112,-0.0378988131532145,0.0425442024355659,-1.65436072855803,-0.0521381629428722,0.425448628002166,-2.03158396240401;
6.96000000000066,-0.479497429799236,0.0923442406338073,-2.03915972585308,-0.0408777263610874,0.447782601354646,-2.04793326408556,-0.126041255426857,-0.0287278987822171,-1.59746388599084,0.00246999378395787,0.809144459035873,-2.00045862672889;
6.98000000000067,-0.489748714899618,-0.00382787968309637,-2.04120734867865,-0.00588137536492516,0.696599141477608,-2.07396663204278,-0.235074815964924,-0.0643639493911085,-1.65684860549771,0.0443679117927587,1.15457222951794,-1.78911875574869;
