0,-0.077133903503418,0.700452348589897,-1.89094809293747,-0.154103353023529,0.853700888156891,-1.96650323867798,0.0531845235824585,0.907189732789993,-1.77977428436279,0.0155831059813499,0.843995288014412,-1.70815197229385;
0.03,-0.100264689922333,0.713846548274159,-1.96109299063683,-0.143347992897034,0.80232862830162,-2.03325161933899,0.0926761293411255,0.88748495131731,-1.78617913126946,0.0115105172991753,0.792281259968877,-1.73385356068611;
0.054,-0.110352400541306,0.746143806539476,-2.03054649531841,-0.155812569856644,0.772069931030273,-2.06662580966949,0.114506402015686,0.909929401427507,-1.86152130067348,-0.00707944646477699,0.777468804828823,-1.8095024138689;
0.0800000000000001,-0.0143294578790665,0.76581460526213,-2.06527324765921,-0.110829755067825,0.79868857562542,-2.08331290483475,0.128829010725021,1.0037704680115,-1.9158948585391,0.00650114066898823,0.898599823471159,-1.95475120693445;
0.107,0.0336535134911537,0.702966591669246,-2.0826366238296,-0.0256040567159653,0.813052748143673,-2.09165645241737,0.128135978579521,0.99139171410352,-1.94547695741057,-0.00201239358633757,0.877894001780078,-2.01755846813321;
0.132,0.0366790564358234,0.65688258705195,-2.0913183119148,-0.00151271685957909,0.83693957850337,-2.09582822620869,0.121667314469814,0.956292576435953,-1.99425324015319,0.0423877924121916,0.838990129320882,-2.03368484415114;
0.156,-0.00161641560494899,0.591834022093099,-2.0956591559574,-0.0317852055281401,0.824933138117194,-2.09791411310434,0.111048098057508,0.965479043545201,-1.96357784774154,0.0218812475819141,0.862437792762648,-1.95747425872833;
0.177,-0.0173673216626048,0.534261421108386,-2.0978295779787,-0.0932874828204513,0.765617365948856,-2.09895705655217,0.0962708254903555,1.1434216218302,-1.76823041243479,0.0345684432098642,0.815267430193489,-1.88119878927246;
0.205,-0.0157891740463674,0.783352734518121,-2.09891478898935,-0.0543589946441352,1.03109738593921,-2.09947852827609,0.149361415915191,1.3217108109151,-1.54613299272023,-0.0290517688239925,1.15763371509674,-1.75273716975935;
0.225,0.0374649481941015,0.942928130364453,-2.09945739449468,-0.0505415062513202,1.20037627103738,-2.09973926413804,0.150329398419708,1.41085540545755,-1.63606451104861,-0.083118815444177,1.32881685754837,-1.5431109395111;
0.246,0.0833750357711688,1.03332959758045,-2.0974841710995,0.0411192176537588,1.02561463953462,-2.09986963206902,0.147101885927841,1.45542770272878,-1.72600181376329,-0.0962034273258178,1.41440842877419,-1.45579834860982;
0.276,0.0625198907894082,1.15271123819948,-1.97238461360685,0.112739800105337,0.724708984501194,-2.09993481603451,0.156969063109718,1.37105888548685,-1.91300090688164,-0.0501704810615047,1.17838096087471,-1.75528380713076;
0.302,-0.0138618990161922,1.32635561909974,-1.87047814719554,0.306369900052669,0.312354492250597,-2.09996740801726,0.183856681499165,1.17620322914518,-2.00650045344082,0.140423380208231,0.724156770434456,-1.92764190356538;
0.329,0.041079657257651,1.41317780954987,-1.83229502733884,0.169067317965091,0.106177246125299,-2.09998370400863,0.146157792167505,1.20296949253279,-2.03888613913878,0.170661650335896,0.552602754695454,-2.01382095178269;
0.35,0.0694052434866899,1.45658890477494,-1.96614751366942,0.0882962687921827,0.00308862306264928,-2.09999185200431,0.0709790252678795,1.34015627555946,-1.92400359379462,0.0559761652529778,0.687234238616247,-2.01971376220536;
0.375,0.113039070412779,1.47829445238747,-1.94919587745353,0.127435521290317,-0.00976960372136091,-2.09999592600216,-0.0174265063289204,1.42007813777973,-1.80845448010768,-0.163833928844306,1.09361711930812,-1.68525099148428;
0.401,0.12015498700006,1.48914722619373,-1.72381006385676,0.197510606848009,-0.00188823794924247,-2.09999796300108,-0.0205848580838938,1.40229904813791,-1.70779707398815,-0.302185852895664,1.29680855965406,-1.47312571699458;
0.428,0.0982945802920221,1.49457361309687,-1.53727048290666,0.0977118238323965,0.0592556662579227,-2.09999898150054,0.00357373445025587,1.14176859191668,-1.83048071844778,-0.16532344419285,1.39840427982703,-1.46230287251392;
0.451,0.072430606042999,1.49728680654843,-1.36964594251363,-0.0384046156945806,0.141518220664057,-1.98814422227188,-0.0532954646707003,1.02420288588411,-1.96524035922389,-0.0236191383924302,1.3548602657909,-1.4460640877362;
0.473,0.095716725665161,1.49864340327422,-1.21510585013255,-0.123252486375122,0.19314650166084,-2.03616231251381,-0.190361037331841,0.813032567331226,-2.03262017961194,-0.0293191411061196,1.42743013289545,-1.19052149503807;
0.497,-0.101815342268433,1.28220986377319,-1.65755292506627,-0.169118363453522,0.517171090185889,-1.88077082419704,-0.201898336449276,0.512696713124231,-2.06631008980597,0.128755396507029,1.17647225154923,-1.64526074751903;
0.527,-0.300907671134216,0.963527998085419,-1.87877646253314,-0.0848778807588292,0.613031634360675,-1.96329966080343,-0.0734249103263074,0.338025519209363,-1.9278113335268,0.0570794845629953,0.868277513451809,-1.87263037375952;
0.556,-0.400453835567108,0.901334637282093,-1.98938823126657,-0.00888825890758994,0.74438170476264,-2.03164983040172,-0.0365176514633026,0.201044236102332,-1.94795985668382,0.051226660659374,1.03264984462034,-1.98631518687976;
0.585,-0.450226917783554,0.485940334140162,-2.04469411563328,-0.0648440503941941,1.06575449249897,-2.06582491520086,-0.166682704878227,0.084503787000293,-1.90555521473031,0.0569274786365336,1.23190921233779,-2.04315759343988;
0.607,-0.475113458891777,0.192970167070081,-2.07234705781664,-0.0614642435246193,1.28287724624948,-2.08291245760043,-0.138028207516857,0.137250908831415,-1.88728290311863,0.0858382274335775,1.3659546061689,-1.9134675463194;
0.636,-0.487556729445889,0.0464850835350404,-2.08617352890832,-0.0280651019480568,1.39143862312474,-2.09145622880021,-0.0693270034820776,0.327066547979741,-1.91759235020662,0.0664587719056086,1.43297730308445,-1.73122242640229;
0.665,-0.426369259422041,-0.0267574582324798,-1.99055676782063,0.0137346560524532,1.44571931156237,-2.09572811440011,0.0290661194309125,0.527545832748129,-1.91302561340821,0.142188755612228,1.46648865154222,-1.530503648275;
0.686,-0.323399249347556,-0.0633787291162399,-1.81690969926085,0.0674534932159697,1.47285965578119,-2.09786405720005,0.167121708511538,0.713745598075248,-1.86608428745514,0.209718347361015,1.47977479900338,-1.77296579765968;
0.712000000000001,-0.289423013345653,-0.08168936455812,-1.72439026167972,0.144002735186781,1.48642982789059,-2.09893202860003,0.262166954338166,1.08317766392105,-1.70834422155741,0.200335221673214,1.26359935802926,-1.93648289882984;
0.741000000000001,-0.275141423054662,-0.09084468227906,-1.87203825975946,0.110565741444213,1.4932149139453,-1.74933462927165,0.324173803955124,1.29158883196052,-1.64894526473941,0.203886605692488,0.984960163149779,-1.98723548871203;
0.764000000000001,-0.157457516942485,-0.09542234113953,-1.70106155035641,0.115833517504028,1.49660745697265,-1.54514568244131,0.261154299095177,1.39579441598026,-1.47554486032457,0.2522895033124,0.992619043843719,-2.04361774435601;
0.788000000000001,0.0336686452457986,-0.0583762415803546,-1.80319589554144,0.130401298499252,1.49830372848632,-1.32300320463733,0.0829603888168451,1.44789720799013,-1.41380656925902,0.242093588459636,0.769499081500755,-2.07180887217801;
0.809000000000001,0.0974198452745717,-0.0241616253334817,-1.75032261400855,0.205254903781486,1.3300644065863,-1.48499572524108,-0.0166918038539829,1.38596590770028,-1.52212892605894,0.167535179430319,0.527151969138973,-2.085904436089;
0.832000000000001,0.0573102690833231,0.201254027869377,-1.87696138515789,0.352627451890743,0.935367060995406,-1.79249786262054,-0.0174795589204998,1.01827877319228,-1.81106446302947,0.0583783850938443,0.213575984569487,-2.0929522180445;
0.856000000000001,0.0759970844813894,0.491525795577006,-1.98848069257894,0.426313725945372,0.540154743838462,-1.94624893131027,0.0800232024313822,0.742429066481049,-1.95553223151473,0.0679245184794249,0.0567879922847433,-1.93792358159458;
0.882000000000001,0.0702766967330729,0.711816330014684,-2.04424034628947,0.463156862972686,0.220077371919231,-2.02312446565514,0.0625792620242543,0.81727387198898,-2.02776611575737,0.0886377149291427,-0.0216060038576284,-1.74199217170196;
0.911000000000001,0.0289472747104543,1.06507121089052,-2.07212017314474,0.481578431486343,0.0600386859596156,-2.06156223282757,0.0197848330766413,1.15863693599449,-2.05276079540081,0.134412135157366,-0.0608030019288142,-1.74590135618904;
0.938000000000001,0.0173671996721217,1.28253560544526,-2.08606008657237,0.358343670546638,-0.0199806570201922,-2.08078111641378,-0.0521320325717105,1.32931846799724,-2.05047784032736,0.0581271226571896,-0.0804015009644071,-1.7350371351086;
0.958000000000001,-0.00223546921568171,1.39126780272263,-2.09303004328618,0.366934255450779,-0.0599903285100961,-2.00496325608478,-0.0687618235044069,1.41465923399862,-1.99575820059733,-0.0633320494807314,0.054041381227849,-1.6411097715419;
0.981000000000001,-0.106254610714103,1.44563390136132,-2.09651502164309,0.358278483793047,-0.079995164255048,-1.98823195753686,-0.0527657486643586,1.45732961699931,-1.92861916468122,-0.182791999395517,0.545477271848857,-1.65351591458527;
1.005,-0.128625676481319,1.47281695068066,-2.09825751082155,0.27725730749215,-0.089997582127524,-2.02633813648518,-0.121114847741832,1.47866480849966,-1.73353200428475,-0.132384061721875,0.967185652640432,-1.80729425127609;
1.032,-0.161964986249006,1.48640847534033,-2.0001136864029,0.238317921619839,-0.094998791063762,-1.95783094182162,-0.149864063303823,1.48933240424983,-1.5019777202248,-0.201800496532477,1.18480355162768,-1.81467043248466;
1.05299999999999,-0.14950632210781,1.49320423767016,-1.8557397497099,0.132570895036671,-0.00305007807658927,-1.9436199188955,-0.134640387317118,1.49466620212491,-1.46578206835386,-0.216711007333774,1.14425471136644,-1.93042393370296;
1.07499999999999,-0.0961464977076144,1.49660211883508,-1.67032012870666,0.0135547846956121,-0.0175699418398083,-2.01266257170476,-0.144100702415197,1.49733310106246,-1.63190752177535,-0.224658477890977,1.32212735568322,-1.67678540668798;
1.10199999999999,-0.0668905174638078,1.49830105941754,-1.30171989764152,-0.11466114191199,0.1167709139182,-1.93068164886851,-0.193533908431872,1.48518523158058,-1.86595376088768,-0.129130123549943,1.41106367784161,-1.4714333520428;
1.12499999999999,-0.131558567876878,1.49915052970877,-1.21399906558483,-0.242104714651826,0.215686823288293,-1.85343117267797,-0.253442524227075,1.24610419661514,-1.98297688044384,-0.0122509424359821,1.4555318389208,-1.63217233350355;
1.14799999999998,-0.307744487223656,1.12371842089112,-1.64718819102987,-0.214149049888016,0.308972001751111,-1.87156564370249,-0.162182165162053,0.749520166668852,-2.04148844022192,0.0408532724543798,1.35093233753596,-1.74759668673316;
1.17299999999998,-0.403872243611828,0.66555816741196,-1.87359409551494,-0.184161421840371,0.522215283254706,-1.98578282185125,-0.0288662068924735,0.324760083334426,-2.07074422011096,0.0443970154605502,0.719796682245307,-1.92379834336658;
1.20199999999998,-0.451936121805914,0.28277908370598,-1.98679704775747,-0.135275903138012,0.692883747984927,-2.04289141092562,-0.01625683190333,0.112380041667213,-1.98674072210649,0.0325767458420095,0.707813215676334,-2.01189917168329;
1.23099999999998,-0.475968060902957,0.09138954185299,-2.04339852387873,0.00186464528615751,1.09644187399246,-2.07144570546281,-0.127808145890172,0.00619002083360651,-1.86760795804192,0.141963567184463,1.07162200233508,-2.05594958584164;
1.25999999999997,-0.371379158701601,-0.00430522907350498,-2.07169926193937,0.127949849269666,1.27360945199181,-2.08572285273141,-0.105626983349291,-0.0469049895831967,-1.54487883792485,0.251711165630348,1.28581100116754,-1.82140068223404;
1.28099999999997,-0.304198995931001,-0.0521526145367525,-1.83495491458766,0.109188828419585,1.3868047259959,-2.0928614263657,-0.137604411693795,-0.0734524947915984,-1.74596522324366,0.309107612234119,1.39290550058377,-1.72262274379694;
1.30699999999997,-0.244679642370865,-0.0760763072683762,-1.79691951430734,0.147176656698653,1.44340236299795,-2.09643071318285,0.0341034085291704,-0.0867262473957992,-1.72595579859159,0.372467104723932,1.38033172043806,-1.67012252835017;
1.33599999999996,-0.163544850673042,-0.0880381536341881,-1.79829854745118,0.18274917362902,1.47170118149898,-2.09821535659143,0.267051704264585,0.655496341424323,-1.63934178320836,0.342461014653684,1.29776133970741,-1.5913354025661;
1.36599999999996,-0.231284434957188,-0.0940190768170941,-1.81238652953728,0.134447998398411,1.48585059074949,-2.05700829780255,0.383525852132293,1.07774817071216,-1.58612238599991,0.272693388891936,1.32579372861148,-1.5917495765477;
1.38699999999996,-0.212383606514772,-0.097009538408547,-1.93903358225636,0.120810561475092,1.49292529537474,-1.9657489456542,0.384189662420974,1.28887408535608,-1.63318166352379,0.258728207564712,1.41248180140138,-1.54767792563585;
1.40899999999996,-0.210084486048142,-0.0985047692042735,-1.89408659460451,0.115280531196263,1.49646264768737,-1.65472849199214,0.337181937438362,1.39443704267804,-1.60990109104448,0.22490680168885,1.42077533835709,-1.67703685333802;
1.43699999999995,-0.0799022633039556,-0.0802915152898504,-1.68125620172573,0.116849402561022,1.49823132384369,-1.09921142254789,0.138267911544498,1.37149096320303,-1.55095172503856,0.163019932860226,1.17285345909268,-1.88851842666901;
1.46299999999995,0.131461927582641,-0.0552022485430575,-1.82540190958059,0.0518454045426018,1.40903461987053,-1.16494537191848,-0.0292186421796399,1.43574548160152,-1.29845029403402,0.153932797488615,0.811203730688841,-1.99425921333451;
1.48299999999995,0.136983835543106,0.14982963062845,-1.75452073883552,0.275922702271301,0.995565473110847,-1.63247268595924,-0.0932524392329016,1.20787478583612,-1.69922514701701,0.0574030206486806,0.542849105887786,-2.04712960666725;
1.51199999999994,0.0782213997070541,0.489784050770215,-1.92726036941776,0.38796135113565,0.501370852724399,-1.86623634297962,-0.0162597410540958,0.697322648254822,-1.8996125735085,0.0499507944725566,0.280115732696243,-1.87769196602856;
1.53599999999994,0.0449100750299568,0.569413642976488,-2.01363018470888,0.342998395790298,0.2006854263622,-1.98311817148981,0.101068659193259,0.550951882942413,-1.99980628675425,0.117629892475536,0.0900578663481214,-1.78236218379515;
1.55899999999994,0.0326324751780567,0.763827225016458,-2.05681509235444,0.347985241825203,0.0503427131810998,-2.0415590857449,0.104508315507045,0.817283950618851,-2.04990314337713,0.218619307104315,-0.00497106682593929,-1.82665151798018;
1.58199999999994,-0.0242287181414099,1.04363356652205,-2.07840754617722,0.359628085104038,-0.0248286434094501,-2.07077954287245,0.0260636187511039,1.15864197530943,-2.07495157168856,0.166994592459781,-0.0524855334129696,-1.78689888339881;
1.60599999999993,-0.0296336113709674,1.27181678326103,-2.08920377308861,0.316310102446581,-0.0624143217047251,-1.9215127551303,-0.0442956625959599,1.32932098765471,-1.99251639568086,0.128642344728998,-0.0762427667064848,-1.84447861125889;
1.62699999999993,-0.0478625464090936,1.38590839163051,-2.09460188654431,0.324610026828301,-0.0812071608523625,-1.86510491787124,-0.125472922898398,1.41466049382736,-1.95685275059579,0.0378327448447006,-0.0881213833532424,-1.7075115298769;
1.64899999999993,-0.0613251280610379,1.44295419581526,-2.09730094327215,0.280317565675503,-0.0906035804261813,-1.83518032639587,-0.132244875717693,1.45733024691368,-1.88454231253086,-0.0568986984451882,0.146595588840957,-1.66876346794472;
1.67199999999993,-0.122816117993226,1.47147709790763,-2.04562800950648,0.310090890763167,-0.0953017902130906,-1.88614726468605,-0.115817293668058,1.47866512345684,-1.62383700276821,-0.183041631994658,0.719583048183677,-1.68656132682018;
1.69299999999992,-0.120651128883774,1.48573854895381,-1.89140543553651,0.314116681038322,-0.0976508951065453,-1.91565486989757,-0.137739822638167,1.48933256172842,-1.37877440882429,-0.230868471770492,1.10979152409184,-1.74864915839758;
1.72299999999992,-0.144765883980004,1.49286927447691,-1.77487942682416,0.140104236214847,-0.0326294469772534,-1.954976491145,-0.0731904962272114,1.4524235273585,-1.24156754827849,-0.229970385387047,1.08594289167696,-1.87039381380839;
1.74999999999992,-0.0923524995137293,1.49643463723845,-1.38642248266295,-0.00976573248232862,-0.0663147234886267,-1.96104738911574,-0.164031819234822,1.47621176367925,-1.67015563655075,-0.212923510946087,1.29297144583848,-1.59917647002122;
1.77399999999992,-0.0961771068716565,1.49821731861923,-1.31391755517997,-0.225901366569228,0.0805986988559674,-1.96131394009086,-0.30327522224711,1.37989378634059,-1.88507781827537,-0.0622221521920223,1.39648572291924,-1.43958016811799;
1.79999999999991,-0.272314413077857,1.41623458771156,-1.51155812530059,-0.311599679637764,0.3995780998476,-1.8708050196384,-0.283342005940908,0.951985168769773,-1.99253890913769,0.0171046159472933,1.28538790983952,-1.76979008405899;
1.82599999999991,-0.386157206538929,0.930159300109976,-1.8057790626503,-0.260560386503147,0.561401796043299,-1.9854025098192,-0.0976004062755075,0.464330768741576,-2.04626945456884,0.0477963565690751,0.776573413824026,-1.9348950420295;
1.85099999999991,-0.443078603269464,0.439447423587856,-1.95288953132515,-0.196526960295641,0.777160048335981,-2.0427012549096,-0.0745203512243016,0.20314080722998,-1.98868986468028,-0.0204185289689186,0.609296438204737,-2.01744752101475;
1.8709999999999,-0.471539301634732,0.169723711793928,-2.02644476566257,-0.0959302105815229,0.917179191038108,-2.0713506274548,-0.118231796887099,0.05157040361499,-1.91200500776624,0.0127831098164974,0.934456466191755,-2.05872376050737;
1.8979999999999,-0.485769650817366,0.0348618558969639,-2.06322238283129,0.0257830767675729,1.08863427039241,-2.0856753137274,-0.136794291569084,-0.024214798192505,-1.61599652792144,0.127387808398697,1.21722823309588,-1.83907357050075;
1.9209999999999,-0.492884825408683,-0.0325690720515181,-2.07921302833543,0.0820894064925358,1.25002292094755,-2.0928376568637,-0.127418069160625,-0.0621073990962525,-1.66744261992538,0.1723948996446,1.35861411654794,-1.79121001160688;
1.9459999999999,-0.419319443076961,-0.066284536025759,-1.87601631839268,0.0881017614614092,1.37501146047377,-2.09641882843185,-0.0885031574550494,-0.0810536995481263,-1.73878514176887,0.210655886788242,1.42930705827397,-1.79669106799636;
1.97099999999989,-0.247769666597303,-0.0831422680128795,-1.78921764174696,0.0897335720663827,1.43750573023689,-2.09820941421593,0.0502475455610343,-0.0905268497740631,-1.76587878766796,0.31405943257564,1.40661234995684,-1.68589045652883;
1.99599999999989,-0.218187176428763,-0.0915711340064398,-1.73463191826938,0.226744809180774,1.46875286511844,-2.09910470710796,0.275123772780517,0.499857827649742,-1.60195507408749,0.231833442960946,1.45330617497842,-1.60421507929333;
2.01599999999989,-0.215896390300258,-0.0957855670032199,-1.75404997686445,0.14074695111825,1.48437643255922,-1.93996443980238,0.329977583964874,0.923229412548855,-1.6931889385063,0.285341581957921,1.41939196621617,-1.59245228605751;
2.04399999999989,-0.183743528535597,-0.0978927835016099,-1.92702498843222,0.141573421962628,1.49218821627961,-1.87562317368041,0.399486644307877,1.21161470627443,-1.58504321873578,0.239184770413927,1.45969598310808,-1.52923036583903;
2.07399999999988,-0.124018881524917,-0.0832675806775018,-1.92590562904849,0.197379161123221,1.49609410813981,-1.47067802308326,0.316912447234047,1.17426217901536,-1.71364100128607,0.248698851977136,1.26455723056008,-1.81461518291951;
2.09699999999988,0.0179258965426107,-0.0155262764341793,-1.7471425506223,0.172054904105159,1.4980470540699,-1.16662709890964,0.193326783786243,1.33713108950768,-1.50483161285617,0.229358819680585,1.04727231417502,-1.95730759145976;
2.12499999999988,0.205121734091313,0.0294555874642153,-1.92357127531115,0.153965301812635,1.27705943001194,-1.59753449052156,0.00516884476444432,1.41856554475384,-1.5136393714701,0.205376452782339,0.722989750675385,-2.02865379572988;
2.15099999999987,0.175151284907595,0.321600306132258,-2.01178563765557,0.326982650906318,0.740218803350545,-1.84876724526078,-0.0581261853848829,1.02033965601006,-1.80681968573505,0.118163508017156,0.432628631975266,-2.06432689786494;
2.17299999999987,0.0892519259325343,0.530335354481549,-2.05589281882779,0.413491325453159,0.34621102664094,-1.97438362263039,-0.0119289018946357,0.578881979055596,-1.95340984286753,0.0710926378465162,0.177110755635308,-1.83421543866664;
2.19699999999987,0.0480230295594373,0.640429506661699,-2.07794640941389,0.27773623589438,0.12310551332047,-2.0371918113152,0.042724230178323,0.597973583672142,-2.02670492143376,0.104818472300791,0.0385553778176538,-1.68261144623295;
2.22399999999987,0.0271214717594702,1.00251325863709,-2.08897320470695,0.38886811794719,0.011552756660235,-2.0685959056576,0.0525771462361647,0.947874736057568,-2.03890525207392,0.293669745641362,-0.0307223110911731,-1.84396160475977;
2.24799999999986,0.026261092124776,1.25125662931855,-2.09448660235347,0.444434058973595,-0.0442236216698825,-2.0842979528288,0.0154241849949277,1.22393736802878,-1.96430427484449,0.378317836382693,-0.0653611555455866,-1.81603218134526;
2.27499999999986,-0.0085035099097113,1.37562831465927,-2.09724330117674,0.408778988276623,-0.0721118108349413,-1.9833769787242,-0.0838529967283052,1.36196868401439,-1.89159440722434,0.174296662737283,-0.0826805777727933,-1.74799975065531;
2.30399999999986,-0.101943468526404,1.43781415732964,-2.09862165058837,0.343331549840521,-0.0860559054174706,-1.7718461612309,-0.137796419809999,1.4309843420072,-1.91943760974391,-0.071778436934276,0.0747324492842272,-1.60704944088132;
2.32899999999985,-0.172455804087421,1.46890707866482,-1.93145524365299,0.319248191454684,-0.0930279527087353,-1.78690673606818,-0.134621073579163,1.4654921710036,-1.6577201463937,-0.230048518794439,0.787366224642114,-1.63584906436041;
2.34899999999985,-0.187105913031946,1.48445353933241,-1.91517148068842,0.276785553265947,-0.0965139763543677,-1.91007490405055,-0.104956867980645,1.4827460855018,-1.44448050748106,-0.238806341001223,1.14368311232106,-1.65687364626445;
2.37199999999985,-0.195224794084256,1.4922267696662,-1.71137862696646,0.130931927198836,-0.0982569881771838,-1.99160918716894,-0.110023665571057,1.4913730427509,-1.4433386782348,-0.251525265131807,1.25897025498636,-1.70223584318418;
2.39499999999985,-0.157810279694411,1.4961133848331,-1.32021079308986,0.0404734576914057,-0.0113059495138544,-1.87175422670596,-0.112651060891073,1.44657473787096,-1.55746052759587,-0.282046638207841,1.37948512749318,-1.60615721789131;
2.42199999999984,-0.138452115936683,1.49805669241655,-1.00293558958768,0.0182344966219537,-0.0556529747569272,-1.75790810019847,-0.110441182291469,1.20801382176294,-1.82873026379793,-0.204501325228417,1.43974256374659,-1.47836839927797;
2.44499999999984,-0.192749321899616,1.45520097937936,-1.12289364697337,-0.115220765814847,-0.024000262574539,-1.60193664596019,-0.13451297672389,0.951419903895327,-1.96436513189897,-0.0395190938008844,1.43620909382016,-1.55200289822402;
2.46699999999984,-0.346374660949808,1.02618555290875,-1.61144682348668,-0.137904736869368,0.100417381844826,-1.57012149922817,-0.023006535330405,0.425709951947663,-2.03218256594948,0.137183338021585,1.11017114671126,-1.82600144911201;
2.48699999999984,-0.423187330474904,0.463092776454374,-1.85572341174334,-0.0416259168946908,0.268250844042454,-1.83506074961409,0.0761898644968916,0.162854975973832,-1.98155209602024,0.107881759214078,0.5636814095182,-1.96300072455601;
2.51299999999983,-0.461593665237452,0.181546388227187,-1.97786170587167,0.0107574421483196,0.387818406602221,-1.96753037480704,0.0750970618031944,0.0314274879869158,-1.72390306234909,0.10417388191207,0.553707836945989,-2.031500362278;
2.53999999999983,-0.480796832618726,0.0407731941135936,-2.03893085293584,0.0208959479787905,0.740319096336999,-2.03376518740352,-0.0908450047124165,-0.0342862560065421,-1.80206908107079,0.132839890670696,0.900615643898715,-1.90241552537728;
2.56599999999983,-0.490398416309363,-0.0296134029432032,-2.06946542646792,0.00841882132783326,0.997516095285733,-2.06688259370176,-0.16775806029383,-0.067143128003271,-1.70621146470446,0.159734979248006,1.20030782194936,-1.76356698098803;
2.58999999999983,-0.436192188158038,-0.0648067014716016,-1.91102503431989,0.0456725133622427,1.24875804764287,-2.08344129685088,-0.158503865399677,-0.0835715640016355,-1.73548315420816,0.24072679309843,1.35015391097468,-1.76803232343507;
2.61599999999982,-0.278639701552393,-0.0824033507358008,-1.82202146298266,0.147458618341125,1.37437902382143,-2.09172064842544,0.00277581969960607,-0.0917857820008178,-1.72539763279294,0.325578140163412,1.32050470702848,-1.76733904436982;
2.63699999999982,-0.180530042026044,-0.0912016753679004,-1.85289011720109,0.179274047940094,1.43718951191072,-2.09586032421272,0.163025747736613,0.0936431321395447,-1.68601248923706,0.397476546239848,1.31916771825652,-1.67610813506323;
2.66499999999982,-0.15823118893981,-0.0956008376839502,-1.85483150245392,0.187005662485519,1.46859475595536,-2.09793016210636,0.331512873868307,0.796821566069772,-1.5051769706794,0.334504760241506,1.30059204546859,-1.5740165344272;
2.68599999999982,-0.184817451083064,-0.0978004188419751,-1.86616782427651,0.115910123370369,1.48429737797768,-1.9891581083111,0.415756436934153,1.14841078303489,-1.35961115227085,0.303844939935206,1.29203298314537,-1.44384755747487;
2.71599999999981,-0.171774979155958,-0.0989002094209876,-1.89211459398678,0.124328480254749,1.49214868898884,-1.58212042573949,0.37062446432813,1.32420539151744,-1.43327907704285,0.270777796143293,1.33492453209621,-1.54352506675804;
2.74099999999981,-0.0496300187318027,-0.0994501047104938,-1.80301652372088,0.123419616466333,1.49607434449442,-1.13414464356432,0.23475542464606,1.41210269575872,-1.4696581904241,0.2169949988693,1.06593608762852,-1.82176253337902;
2.76799999999981,0.0785165994063765,-0.0670464005455545,-1.7358860960613,0.136604330661679,1.42483117668752,-1.27146855921512,0.0293373974102338,1.45605134787936,-1.49653654864175,0.130870045034587,0.680363833437519,-1.96088126668951;
2.7939999999998,0.0930865403361991,0.203333629847309,-1.53011412277869,0.317455998720122,0.92090687795939,-1.68573427960756,-0.0506534727445444,1.09193797172496,-1.78421199704579,0.0498699925385415,0.521078461175241,-2.03044063334476;
2.8219999999998,0.0170307944391109,0.449844881236921,-1.81505706138934,0.387614131600356,0.410453438979695,-1.89286713980378,0.0661937650029262,0.644265544719445,-1.94210599852289,0.0413153207819908,0.210539230587621,-1.94551432969575;
2.8499999999998,-0.0166325313759875,0.598120082214659,-1.95752853069467,0.279203896835792,0.155226719489847,-1.99643356990189,0.112016866603712,0.53072791710841,-2.02105299926145,0.109707838918827,0.0552696152938103,-1.77328895003798;
2.87999999999979,-0.0085468808270013,0.891192782320174,-2.02876426534734,0.297813804306263,0.0276133597449237,-2.04821678495095,0.0507836638138791,1.01536395855421,-1.95616503703764,0.210393520308565,-0.0223651923530948,-1.87263318136932;
2.89999999999979,-0.0484483309316891,1.12546857019146,-2.06438213267367,0.238758637983438,-0.0361933201275381,-2.00146383690678,-0.0104096461213579,1.2576819792771,-1.98675012463416,0.149194955683267,-0.0611825961765474,-1.80198308147789;
2.92199999999979,-0.0524038455748686,1.31273428509573,-2.08219106633683,0.251437658110677,-0.0680966600637691,-1.89562738859575,-0.112194056554484,1.37884098963855,-1.98522841867847,0.104635049629468,-0.0805912980882737,-1.78569658357799;
2.94299999999979,-0.0662954180371825,1.40636714254786,-2.09109553316842,0.347334696670084,-0.0840483300318845,-1.8920233116742,-0.146517779848897,1.43942049481928,-1.89388273327074,-0.00575593147265027,-0.0902956490441369,-1.68246799239963;
2.96499999999978,-0.151643321163062,1.45318357127393,-2.06946183552151,0.2725161191919,-0.0920241650159423,-1.8645250671206,-0.129011833678645,1.46971024740964,-1.75883933439116,-0.181848274040158,0.398040674392173,-1.66992839937136;
2.98799999999978,-0.197341683927478,1.47659178563697,-1.97634151036444,0.233668337916262,-0.0960120825079711,-1.9061625238805,-0.151004271512708,1.48485512370482,-1.58531595684221,-0.265226698303191,0.949020337196087,-1.69446470322572;
3.00799999999978,-0.174364758046121,1.48829589281848,-1.81893020895572,0.290960500764314,-0.0980060412539856,-2.00308126194025,-0.128687281611304,1.49242756185241,-1.28992347229089,-0.373508043479903,1.22451016859804,-1.55765965671521;
3.03099999999978,-0.0995602121510361,1.49414794640924,-1.55762304081247,0.107558662557336,-0.0990030206269928,-1.94970750800145,-0.0800331676019929,1.49217054753158,-1.34802257770581,-0.263965247964851,1.31076368071931,-1.6437961016654;
3.05699999999977,-0.104705999620669,1.49707397320462,-1.09448291666173,-0.00728378670228926,-0.0995015103134964,-1.76473466600663,-0.149282440543855,1.43319376661705,-1.7240112888529,-0.171075639772411,1.40538184035965,-1.52106641255612;
3.08599999999977,-0.0730577925482952,1.49853698660231,-1.04937686029505,-0.161217758143015,-0.0997507551567482,-1.75369062049034,-0.213569078147752,1.12614754862749,-1.91200564442645,-0.101665261411665,1.45269092017983,-1.36560461979506;
3.11099999999977,-0.286528896274148,1.1516273247664,-1.57468843014753,-0.201444941502843,0.208242554502848,-1.56605826875986,-0.111267475113443,0.612845488524255,-2.00600282221323,0.0537870380163203,1.13480218646216,-1.73280230989753;
3.13899999999977,-0.393264448137074,0.5258136623832,-1.83734421507376,-0.138446308246272,0.378055596866788,-1.83302913437993,0.05791180659077,0.256422744262128,-1.92836838498357,0.0460586760878568,0.543394249664183,-1.91640115494877;
3.16099999999976,-0.446632224068537,0.2129068311916,-1.96867210753688,-0.0306652861192906,0.437762433548064,-1.96651456718997,0.0782189645804039,0.0782113721310638,-1.73670138634564,0.0223266316175463,0.461515089862762,-2.00820057747438;
3.18999999999976,-0.473316112034268,0.0564534155957999,-2.03433605376844,0.0289288083039183,0.703306636343048,-2.03325728359498,-0.0381586997490589,-0.0108943139344681,-1.64221172738732,0.050643908417225,0.906355319913833,-2.04126459537782;
3.20999999999976,-0.486658056017134,-0.0217732922021,-2.06716802688422,0.00129196719936818,1.10165331817152,-2.06662864179749,-0.234869459508929,-0.055447156967234,-1.80067303979725,0.102362142521143,1.18456988856028,-1.86000791876931;
3.23199999999976,-0.493329028008567,-0.06088664610105,-1.89940756545455,0.0406547448864196,1.30082665908576,-2.08331432089875,-0.21064700525953,-0.077723578483617,-1.7020890052335,0.158273981073499,1.34228494428014,-1.83957740708897;
3.25599999999975,-0.369242591320568,-0.080443323050525,-1.86404913060859,0.102183103453647,1.40041332954288,-2.09165716044937,-0.0110276659426772,-0.0888617892418085,-1.67416054135643,0.261311069954932,1.42114247214007,-1.8502666624621;
3.27799999999975,-0.24041690441921,-0.0902216615252625,-1.81749515529968,0.118592648452287,1.45020666477144,-2.09582858022469,0.100068232610937,-0.0116244385318845,-1.7223608082835,0.304802001232654,1.4124296969732,-1.70821554969924;
3.30599999999975,-0.163939237460269,-0.0951108307626313,-1.82192546723534,0.132387692901376,1.47510333238572,-2.09791429011234,0.281514471568225,0.478343906517978,-1.72594544024786,0.267391656992212,1.41359265181225,-1.61158805793115;
3.33399999999974,-0.259414081506319,-0.0915409252537521,-1.81525882779682,0.146015586839558,1.48755166619286,-1.67840685232584,0.390757235784112,0.909730018434999,-1.6998709814326,0.224452946959622,1.36850315497717,-1.50261366519128;
3.35399999999974,-0.236743421520982,-0.0957704626268761,-1.83183577805323,0.145241463177622,1.49377583309643,-1.51965847156497,0.445378617892056,1.2048650092175,-1.40666073047002,0.229527548938338,1.43425157748859,-1.40927012042599;
3.37399999999974,-0.0877005153726505,-0.097885231313438,-1.77662620022675,0.114604439135999,1.49688791654821,-1.27773988913522,0.354086229627028,1.35243250460875,-1.4193442423288,0.201255590513023,1.1459586490353,-1.754635060213;
3.40199999999974,0.0226514801466978,-0.098942615656719,-1.5799403730769,0.112171902952895,1.49844395827411,-1.17799072002881,0.17958943835134,1.42621625230437,-1.27312137281617,0.1608924589528,0.787688689885538,-1.9273175301065;
3.42299999999973,0.111348647330429,-0.0994713078283595,-1.55689250472879,0.128589821009986,1.18782015895425,-1.43618913757559,-0.0258606124359631,1.46310812615219,-1.33068087595562,0.107195514339872,0.572460350125035,-2.01365876505325;
3.44499999999973,0.039276082741333,0.243898015700612,-1.79415524722981,0.278777127340015,0.727880554673965,-1.7680945687878,-0.0432152790048849,1.00845510255726,-1.71534043797781,-0.00753055637147627,0.372640292211871,-2.01427672659134;
3.46899999999973,-0.0104033123318787,0.418567475419657,-1.92662311554873,0.35635495904812,0.313940277336983,-1.9340472843939,0.0607387414465779,0.580085500535525,-1.90767021898891,-0.00990699189437728,0.136320146105935,-1.72961117851126;
3.48899999999973,-0.0230003350409088,0.536111590137788,-2.01331155777436,0.297819145936414,0.106970138668491,-2.01702364219695,0.0532634206061778,0.410940067200441,-2.00383510949445,0.0561174099766548,0.0181600730529677,-1.64534712099725;
3.51799999999972,-0.0549863084868698,0.724404458637391,-2.05665577888718,0.25142237843009,0.00348506933424565,-2.05851182109847,0.0438913450362889,0.706412800266633,-2.05191755474723,0.147253300802079,-0.0409199634735162,-1.73094059359875;
3.53999999999972,-0.0724720220126762,1.04593571644791,-2.07832788944359,0.239116135542255,-0.0482574653328772,-2.07925591054924,0.0431811099113329,1.10320640013332,-1.89450705141384,0.18914602381794,-0.0704599817367581,-1.74243664807005;
3.56999999999972,-0.0788570203561611,1.27296785822395,-2.0891639447218,0.226347232314279,-0.0741287326664386,-1.6999937334824,-0.123479311224753,1.30160320006666,-1.89096807882467,0.0789894568066216,-0.085229990868379,-1.76592450174651;
3.59399999999972,-0.0747502214798842,1.38648392911198,-2.0945819723609,0.207070880160893,-0.0870643663332193,-1.8999968667412,-0.124027819512752,1.40080160003333,-1.89172669969638,0.00160277302763943,-0.0268372048877723,-1.74588686244171;
3.61399999999971,-0.167390369529005,1.44324196455599,-2.09729098618045,0.286010439508242,-0.0935321831666097,-1.96418892242433,-0.0730866220734852,1.45040080001666,-1.74894267927925,-0.180973058066258,0.474453750752258,-1.6358020753487;
3.63399999999971,-0.180646131810782,1.47162098227799,-1.91893874973066,0.26097354536905,-0.0967660915833048,-2.02654917288781,-0.0929120661389002,1.47520040000833,-1.47537613814731,-0.225005529086535,0.987226875376129,-1.67691132281343;
3.66199999999971,-0.128003291277706,1.485810491139,-1.77299000307921,0.120033174781273,-0.0841157561531331,-1.96449818039418,-0.0984900642221753,1.44718943101842,-1.39934291693399,-0.218783050855371,1.24361343768806,-1.65673420207759;
3.6919999999997,-0.094197834327131,1.4929052455695,-1.30343144677581,-0.024692432270313,-0.0920578780765666,-1.95478934359789,-0.172623683253208,1.45406204691866,-1.64478916452741,-0.181047324578152,1.37180671884403,-1.46708648690114;
3.7129999999997,-0.0891424230706242,1.49645262278475,-1.18718687068672,-0.262346216135156,0.0776349870862895,-1.91767258203149,-0.236318665166338,1.3433907997178,-1.8723945822637,-0.0846166219016841,1.42119323111467,-1.66571943406527;
3.7349999999997,-0.250067360598422,1.40923662442643,-1.24999075120315,-0.277817826714581,0.149503211602685,-1.73190222907126,-0.263153870413522,1.02581646350855,-1.98619729113185,0.0336212520946597,1.42639491010156,-1.54920990737411;
3.7579999999997,-0.375033680299211,1.01922770122031,-1.67499537560158,-0.227224508745703,0.423147901110409,-1.91595111453563,-0.104547050153126,0.462908231754277,-2.01823764359754,0.0451534232074784,0.847954783084226,-1.82460495368705;
3.78099999999969,-0.437516840149606,0.459613850610154,-1.88749768780079,-0.196953389159457,0.523108996059775,-2.00797555726782,0.00228062264377379,0.181454115877139,-1.90167565601966,0.00980884713802573,0.448676781476653,-1.96230247684353;
3.80299999999969,-0.468758420074803,0.179806925305077,-1.99374884390039,-0.120451095457681,0.65054815913552,-2.05398777863391,-0.0527674156812106,0.0407270579385693,-1.77664597758602,0.0240712138159764,0.678255363613921,-2.03115123842176;
3.82399999999969,-0.484379210037401,0.0399034626525385,-2.0468744219502,-0.082272588787381,0.92927661491093,-2.07699388931695,-0.123754617293044,-0.0296364710307154,-1.76990399126684,0.0725041780940539,1.08912768180696,-1.82439752238004;
3.85199999999969,-0.489404356262292,-0.0300482686737308,-2.02245276278059,0.0785297741602341,1.12603071010439,-2.08849694465848,-0.104717844883285,-0.0648182355153577,-1.59620559545594,0.180734706425262,1.29456384090348,-1.86022839852675;
3.87799999999968,-0.406282030235333,-0.0650241343368654,-1.98436104807159,0.0765950901364525,1.3130153550522,-2.09424847232924,-0.134718521316688,-0.0824091177576788,-1.75104658172646,0.231522851240432,1.34277417613945,-1.85358773027114;
3.90399999999968,-0.28529848272135,-0.0825120671684327,-1.85374871568332,0.154241613500081,1.4065076775261,-2.09712423616462,0.0257794949015772,-0.0912045588788394,-1.66361118190546,0.324869258528847,1.42138708806973,-1.60610763954248;
3.93199999999968,-0.194265598925601,-0.0912560335842164,-1.80157984831159,0.209564239557963,1.45325383876305,-2.09856211808231,0.262889747450789,0.471400419339686,-1.70616004284749,0.308840509715626,1.34880848515501,-1.62489880436225;
3.95999999999967,-0.18718946202231,-0.0956280167921082,-1.76389809716853,0.182424136189809,1.47662691938152,-2.03193193508638,0.381444873725394,0.985700209669843,-1.53343947289651,0.334816935689722,1.36952935749526,-1.66843572911403;
3.98799999999967,-0.217210453667405,-0.0978140083960541,-1.93194904858427,0.171039309992488,1.48831345969076,-1.56474537766702,0.440722436862697,1.24285010483492,-1.47001652746531,0.278505772665875,1.40134642866371,-1.54811178623031;
4.01599999999968,-0.167176182825447,-0.098907004198027,-1.67933911872186,0.160894012696592,1.49415672984538,-1.20637839991215,0.342431061246748,1.37142505241746,-1.39930875315831,0.223942204274603,1.23077466858982,-1.72266295640861;
4.04199999999968,0.0381416830623739,-0.0994535020990135,-1.62793072110553,0.0945296776031691,1.49707836492269,-1.28949350843014,0.142852476824698,1.43571252620873,-1.44850777245843,0.160476171750758,0.851693909235591,-1.91133147820431;
4.06899999999969,0.0467893330854472,0.074665216008675,-1.57339444506237,0.173625653372965,0.980565228975856,-1.41672224019558,-0.0750430136971784,1.26341825622647,-1.65972849655789,0.0656249331329933,0.672737338576612,-2.00566573910215;
4.0949999999997,0.0299639847180395,0.223239268561131,-1.83669722253119,0.336812826686483,0.544326157826704,-1.75836112009779,-0.0752433958676017,0.875125184150182,-1.87986424827894,0.00520416909926491,0.286368669288306,-2.05098400499572;
4.12099999999971,-0.0176347051908002,0.426046409557226,-1.96834861126559,0.418406413343241,0.222163078913352,-1.9291805600489,0.0495727579282444,0.436709184692126,-1.98993212413947,0.0286756881796984,0.093184334644153,-1.83437624020452;
4.14199999999972,-0.0357907032395117,0.598605977793516,-2.0341743056328,0.348712484015371,0.061081539456676,-2.01459028002445,0.0916524680697283,0.633528982721677,-2.04496606206974,0.117948757843359,-0.00340783267792352,-1.7407633351439;
4.17099999999973,0.0208274269389752,0.969892257104308,-2.0670871528164,0.331786132640315,-0.019459230271662,-2.05729514001222,0.0380340257656257,1.05316808776205,-1.90086188721697,0.278678105690173,-0.0517039163389618,-1.82708074088662;
4.19499999999974,-0.00165467022420746,1.23494612855215,-2.0835435764082,0.291244285497403,-0.059729615135831,-2.07864757000611,-0.0558152584546963,1.27658404388103,-1.86698314154168,0.211839024234857,-0.0758519581694809,-1.89673682568356;
4.21999999999974,-0.0576114511418431,1.36747306427608,-2.0917717882041,0.320092143015731,-0.0798648075679155,-1.91497097223603,-0.12661436817617,1.38829202194051,-1.87549226385365,0.0745816685800979,-0.0879259790847405,-1.70387836306236;
4.24599999999975,-0.18598577737451,1.43373653213804,-2.09588589410205,0.332296323277885,-0.0899324037839578,-1.87635421857041,-0.136148398029659,1.44414601097026,-1.78225228241091,-0.18388983835552,0.456249778177852,-1.61246750011515;
4.27199999999976,-0.168150207994582,1.46686826606902,-1.86623465289781,0.279997639406887,-0.0949662018919789,-1.90964322738251,-0.143696041160749,1.47207300548513,-1.52421591009202,-0.264716213294734,0.978124889088926,-1.63302532262837;
4.29999999999977,-0.163955459593834,1.48343413303451,-1.86362482542847,0.207658059472425,-0.0974831009459894,-2.00482161369125,-0.140634950426185,1.48603650274256,-1.3185454831794,-0.341770819698209,1.23906244454446,-1.44329485807436;
4.32099999999978,-0.117412302493603,1.49171706651725,-1.4739751529448,0.0293411337706365,-0.0987415504729947,-1.95534826083084,-0.137502369298023,1.38713000388135,-1.46166788420454,-0.232074234025893,1.36537104456456,-1.59542806701669;
4.34899999999979,-0.0522784090039882,1.49585853325863,-0.991422352778551,-0.10117849412695,-0.0993707752364974,-1.97354177019547,-0.191986617750665,1.21393643901343,-1.78083394210227,-0.151521080502479,1.43268552228228,-1.35371670403485;
4.3779999999998,-0.230936501026042,1.48290385359297,-1.39508319973332,-0.216459145859556,0.0232889723709176,-1.72145286987995,-0.198887595984708,0.716953988301729,-1.94041697105114,0.0577985126929439,1.43447604380258,-1.61594621975424;
4.4009999999998,-0.365468250513021,0.826507456867742,-1.74754159986666,-0.146433662928977,0.183978954550174,-1.74878772591936,0.0293561125529953,0.308476994150864,-1.93557944456907,0.132684084532507,0.79248864751164,-1.85797310987712;
4.42799999999981,-0.432734125256511,0.363253728433871,-1.92377079993333,-0.00875167347880131,0.306583042739107,-1.92439386295968,0.129832031763253,0.104238497075432,-1.80588133414672,0.122945174752597,0.491461796070655,-1.97898655493856;
4.44799999999982,-0.466367062628255,0.131626864216936,-2.01188539996666,0.0515023065711462,0.467342782913781,-2.01219693147984,0.0321048373166012,0.00211924853771608,-1.64722842464887,0.111272889762582,0.693125967932502,-2.03949327746928;
4.47399999999983,-0.483183531314128,0.0158134321084678,-2.05594269998333,0.0714438194585544,0.760384536236096,-2.05609846573992,-0.170516048958734,-0.048940375731142,-1.70761097316962,0.133346434429021,1.09656298396625,-1.89770018597394;
4.50299999999984,-0.491591765657064,-0.0420932839457661,-2.0271275747193,0.0375698127127042,1.13019226811805,-2.07804923286996,-0.253540001656033,-0.074470187865571,-1.66565293940416,0.14008501449959,1.20224750159998,-1.90738075743094;
4.52599999999985,-0.495795882828532,-0.0710466419728831,-1.87253238202994,0.0999794311213668,1.31509613405902,-2.08902461643498,-0.20934068359207,-0.0872350939327855,-1.70360891656335,0.198454162675821,1.35112375079999,-1.8286248672504;
4.54599999999985,-0.380869733635335,-0.0855233209864415,-1.75371849955055,0.13859353874565,1.40754806702951,-2.09451230821749,-0.0177780397597496,-0.0936175469663928,-1.67246953018633,0.291922012368184,1.42556187539999,-1.70695391091201;
4.57599999999986,-0.268054400356486,-0.0927616604932208,-1.73639194876419,0.167638894788627,1.45377403351476,-2.09725615410875,0.241110980120125,0.406863769684872,-1.64705493185981,0.266024864216318,1.4627809377,-1.52241786317276;
4.60399999999987,-0.247693095640279,-0.0963808302466104,-1.73082730427616,0.0870100016257189,1.47688701675738,-1.82807539268767,0.34983891348383,0.953431884842436,-1.4067678259515,0.275588761816259,1.33530563570486,-1.44526223637783;
4.62499999999988,-0.252536866881419,-0.0981904151233052,-1.69262219198164,0.114860288841576,1.48844350837869,-1.55485304973739,0.415905703804598,1.22671594242122,-1.3784094878387,0.243020675902484,1.35538075793498,-1.44016717572075;
4.64899999999989,-0.170952189672971,-0.0990952075616526,-1.65244049493281,0.121716816297696,1.49422175418934,-1.09602968286583,0.352166535507493,1.36335797121061,-1.33184557300566,0.225044016006051,1.16305028909799,-1.77008358786037;
4.6729999999999,0.0201954492385267,-0.0995476037808263,-1.48393229277833,0.0800386720257628,1.49711087709467,-1.29444889372145,0.107515635316994,1.4316789856053,-1.45493578931569,0.152721522034436,0.826599968047721,-1.93504179393019;
4.6929999999999,0.109297801676148,-0.0997738018904132,-1.61764000372044,0.0979364350119048,1.14860591176053,-1.35237480523961,-0.0576992607983816,1.46583949280265,-1.45385749052405,0.118296647757902,0.653078669593624,-2.01752089696509;
4.71999999999991,0.040751834721741,0.182145654396514,-1.73196844913538,0.298968217505952,0.66292435766707,-1.7261874026198,-0.0852912641005152,0.988617369296567,-1.77692874526202,0.00752410803765789,0.344034561656858,-2.04477433779529;
4.74999999999992,-0.0419700034402922,0.40732084921812,-1.91598422456769,0.388489869899522,0.281462178833535,-1.9130937013099,0.0514509463093463,0.468632219613799,-1.93846437263101,0.00565553518399961,0.122017280828429,-1.8511607687607;
4.77399999999993,-0.0699796877276458,0.548481304008837,-2.00799211228385,0.323037869367485,0.0907310894167675,-2.00654685065495,0.0798678421865793,0.6947143189019,-2.01923218631551,0.0780620901399124,0.0110086404142146,-1.56114118302537;
4.80199999999994,-0.0427612273877639,0.732532102147279,-2.05399605614192,0.404534467177334,-0.00463445529161623,-2.05327342532748,0.0311504562889979,0.762551201477947,-2.03693722915553,0.270355436435007,-0.0444956797928927,-1.80774810415841;
4.82999999999995,0.00282972132236864,1.11626605107364,-2.07699802807096,0.350600704410048,-0.0523172276458081,-2.07663671266374,-0.00507240820947062,1.13127560073897,-1.92087074732732,0.303386477048528,-0.0722478398964464,-1.76775116971302;
4.85599999999996,-0.0452466045068149,1.30813302553682,-2.08849901403548,0.272189519036994,-0.0761586138229041,-1.75309784507422,-0.124338002448394,1.31563780036949,-1.90310924756503,0.0748789673126398,-0.0861239199482232,-1.70557780440235;
4.88299999999997,-0.188741237434072,1.40406651276841,-2.09424950701774,0.346612289959781,-0.088079306911452,-1.92654892253711,-0.158703013780273,1.40781890018474,-1.80592145079362,-0.11211031769332,0.451962217457949,-1.64869621930313;
4.90299999999997,-0.217668124095759,1.4520332563842,-2.09712475350887,0.262144738939699,-0.094039653455726,-1.96579703712381,-0.184880557717163,1.45390945009237,-1.63165594366187,-0.187031723730846,0.975981108728974,-1.62772253571844;
4.93099999999998,-0.123764160104673,1.4760166281921,-1.78692544530526,0.256403036965577,-0.097019826727863,-2.03289851856191,-0.19035868081514,1.46109875704768,-1.2511189164072,-0.268382235404394,1.23799055436449,-1.45500701575923;
4.95499999999999,-0.0968405844907366,1.48800831409605,-1.42098399912663,0.113229173249825,-0.0985099133639315,-1.90785496091822,-0.142939939067085,1.36661901010038,-1.28635656244306,-0.286446803031634,1.36899527718224,-1.37160853698575;
4.976,-0.0618387867083352,1.49400415704803,-1.00427674907122,-0.0362982256080587,-0.0992549566819658,-1.84114108610143,-0.178657066606144,1.21846552855254,-1.69317828122153,-0.150284767209625,1.43449763859112,-1.36647237963837;
4.997,-0.159843958669414,1.49700207852401,-1.10759567746358,-0.207993525607679,-0.0996274783409829,-1.6178328108191,-0.187555121075441,0.896555061968568,-1.89658914061077,-0.0128824603851316,1.4245991568009,-1.65569631669602;
5.01700000000001,-0.329921979334707,1.15436766367693,-1.60379783873179,-0.166729931405829,-0.0395011104244587,-1.56046282854674,-0.0947974458542118,0.398277530984284,-1.99829457030538,0.0819700640293123,1.13104030987819,-1.77175617026131;
5.04600000000002,-0.414960989667354,0.527183831838464,-1.8518989193659,-0.105755755688571,0.149286155050069,-1.83023141427337,-8.94363327150274e-05,0.149138765492142,-1.81392048262479,0.0212068596408845,0.515520154939094,-1.93587808513065;
5.07000000000003,-0.457480494833677,0.213591915919232,-1.97594945968295,-0.00720359672398542,0.252420087727442,-1.96511570713668,-0.0102325190655055,0.0245693827460711,-1.62347532492341,0.0766870923303605,0.610873971634109,-2.01793904256533;
5.10000000000004,-0.478740247416838,0.0567959579596159,-2.03797472984147,0.0166836250360252,0.618426225618787,-2.03255785356834,-0.178226880508247,-0.0377153086269645,-1.63351994594664,0.0827511779200554,1.05543698581705,-1.73954094028329;
5.12500000000005,-0.489370123708419,-0.021602021020192,-1.98349000349915,0.0205823694435478,1.05921311280939,-2.06627892678417,-0.284458906391056,-0.0688576543134822,-1.6496933213906,0.163770918435431,1.0933791364861,-1.91977047014164;
5.15400000000006,-0.425230086726036,-0.060801010510096,-1.76832477443057,0.111570197878665,1.2796065564047,-2.08313946339209,-0.209510465730623,-0.0844288271567411,-1.50739922930978,0.288325078282046,1.29668956824305,-1.91070172333681;
5.17800000000006,-0.411338626584453,-0.080400505255048,-1.74155548807302,0.125250955491456,1.38980327820235,-2.09156973169604,-0.1044128391243,-0.0922144135783706,-1.675914295565,0.310998078481996,1.39834478412153,-1.70753531080466;
5.20400000000007,-0.340533862929068,-0.090200252627524,-1.7556866079386,0.16716125293036,1.44490163910117,-2.09578486584802,0.14316880359764,0.414900838288139,-1.6071952070052,0.347545960494202,1.44917239206076,-1.47302829435459;
5.22800000000008,-0.298489091803889,-0.095100126313762,-1.7410160913972,0.0970911288929962,1.47245081955059,-1.94785911988805,0.319214921665763,0.957450419144069,-1.32147583788904,0.361556118999085,1.31233325728298,-1.30778189505632;
5.25000000000009,-0.289194277728727,-0.097550063156881,-1.68664322867532,0.068544247779895,1.48622540977529,-1.61615750765597,0.377773402071285,1.22872520957203,-1.13260373386876,0.268640818136017,1.26454372171819,-1.22255518240479;
5.2740000000001,-0.318044323427047,-0.0987750315784405,-1.30352747328351,0.100880426483179,1.49311270488765,-1.06207257497209,0.340739458966398,1.36436260478602,-1.30588116751679,0.195027994879624,1.26611618878573,-1.27397850057854;
5.3000000000001,-0.177028619399948,-0.0993875157892203,-1.05433058682715,0.0560404700124386,1.49655635244382,-0.996944737374273,0.137730715954375,1.43218130239301,-1.30516843252663,0.143657656197022,1.0421380946146,-1.68698925028927;
5.32800000000011,-0.0259105427817914,-0.0996937578946101,-1.21785161169189,0.0769462326210798,1.21519781890876,-1.10408242341851,-0.118340843576157,1.29257289950278,-1.528354695704,0.0665076140484562,0.710710290526673,-1.89349462514464;
5.35200000000012,-0.06474619903944,0.146481737194968,-1.38602540404507,0.119858411701623,0.818286624269518,-1.60204121170925,-0.139081378409249,0.918042592129243,-1.63211348815085,-0.0500737498242979,0.483333833741807,-1.99674731257232;
5.37200000000013,-0.134797874881735,0.277122066765285,-1.60897726372336,0.294221622423382,0.448617096104638,-1.85102060585463,-0.0306417729601175,0.572895266573197,-1.86605674407542,-0.111847214601404,0.191666916870903,-1.99497305632965;
5.39400000000014,-0.142662382818217,0.45846897430681,-1.81003452219295,0.248941167332754,0.174308548052319,-1.97551030292731,0.0997840820677623,0.361697507878426,-1.98302837203771,-0.0286564623822601,0.0458334584354517,-1.73048400968977;
5.41900000000014,-0.13366651450443,0.649964170493001,-1.95501726109647,0.138501023371034,0.0371542740261595,-2.03775515146366,0.0890511166516714,0.598514174411835,-1.8511061707677,0.0392864763980194,-0.0270832707822742,-1.76664805457328;
5.44800000000015,-0.101217813664912,0.872201612014231,-2.02750863054824,0.0723467743491197,-0.0314228629869203,-2.06887757573183,-0.00808308842461444,1.02504521558192,-1.74188684570499,0.140784903180852,-0.0635416353911371,-1.79913441561328;
5.46900000000016,-0.100973316517591,1.03401882172558,-2.06375431527412,0.0850207245397103,-0.0657114314934601,-1.96676965253381,-0.112241491092648,1.26252260779096,-1.87917770916078,0.0547641542614769,-0.0817708176955685,-1.86782957028681;
5.49700000000017,-0.134966406269431,1.26700941086279,-2.08187715763706,0.153987539412952,-0.0828557157467301,-1.74111359813227,-0.183705148107512,1.38126130389548,-1.96587930706071,-0.105967944708403,-0.0832346639327757,-1.7340969980326;
5.52000000000018,-0.127716455183208,1.38350470543139,-2.09093857881853,0.29886486441015,-0.091427857873365,-1.90439125050313,-0.154834804240218,1.44063065194774,-1.66867564661765,-0.279575411601333,0.708382668033612,-1.5396581858678;
5.54400000000019,-0.138942471604437,1.4417523527157,-2.05042464672242,0.236875478774899,-0.0957139289366825,-1.96368434304598,-0.145275155158515,1.36364312243307,-1.49785262218845,-0.275633397958412,1.10419133401681,-1.58449685276962;
5.5740000000002,-0.116967863371417,1.47087617635785,-1.75562076463657,0.102579502240118,-0.0978569644683413,-1.95646267471017,-0.126171237752674,1.2870591465227,-1.25537706549829,-0.261621072720356,1.3020956670084,-1.57867194861877;
5.60300000000021,-0.00546216573836653,1.48543808817892,-1.24013951964357,-0.170030491761716,-0.0989284822341706,-1.98322660593838,-0.27329251375091,1.38574512320718,-1.67768853274915,-0.155684733008776,1.4010478335042,-1.3915805719828;
5.62400000000021,-0.101370808315884,1.49271904408946,-1.12319096300591,-0.311051074471251,-0.0612461481986893,-1.87771178915427,-0.37830323262161,1.2053031847773,-1.88884426637457,-0.0357081989523935,1.4505239167521,-1.33217752687809;
5.64900000000022,-0.300685404157942,1.28002879709013,-1.61159548150296,-0.340668800575622,0.253024481013494,-1.63146430618726,-0.215146124577254,0.552651592388652,-1.99442213318729,-0.00503448789701698,1.15597683532584,-1.71608876343904;
5.67700000000023,-0.400342702078971,0.590014398545063,-1.85579774075148,-0.24943412219638,0.471800557412246,-1.86573215309363,-0.0834851969359963,0.226325796194326,-1.83150563608598,-0.0380980739264977,0.527988417662919,-1.90804438171952;
5.70400000000024,-0.450171351039486,0.245007199272531,-1.97789887037574,-0.138752954776855,0.572303407210876,-1.98286607654681,-0.108139900618724,0.0631628980971631,-1.74760956352448,-0.0359709428384548,0.412736932296425,-2.00402219085976;
5.73400000000025,-0.475085675519743,0.0725035996362657,-2.03894943518787,-0.0420513043680648,0.961005040416504,-2.04143303827341,-0.213243992057409,-0.0184185509514185,-1.5953867817198,0.0416713500701067,0.956368466148213,-1.88543112769268;
5.76400000000026,-0.487542837759871,-0.0137482001818671,-1.90858576259687,0.0517757756571541,1.16417206347455,-2.0707165191367,-0.186083807809634,-0.0592092754757092,-1.55454822750264,0.133697146211201,1.22818423307411,-1.93230370528769;
5.78500000000027,-0.477725233386466,-0.0568741000909336,-1.65276275556125,0.113540194385279,1.27525077373022,-2.08535825956835,-0.138115289739511,-0.0796046377378546,-1.4994771345028,0.269442297833231,1.36409211653705,-1.92629173520839;
5.80500000000027,-0.436216318284725,-0.0784370500454668,-1.5212053074481,0.144178209480161,1.38762538686511,-2.09267912978418,-0.0300338509339797,-0.0898023188689273,-1.71864317573948,0.270405834623708,1.43204605826853,-1.86104716421979;
5.82700000000028,-0.384698926049101,-0.0892185250227334,-1.60890819798121,0.206060884086546,1.44381269343256,-2.09633956489209,0.207825667726064,0.110326895089004,-1.63819437433205,0.232545413230128,1.46602302913426,-1.69161137820193;
5.85700000000029,-0.265396730223113,-0.0946092625113667,-1.64391797368829,0.181368593021362,1.47190634671628,-2.0332288709146,0.315263603859675,0.795733050987648,-1.59914910847406,0.207213973628614,1.39686554136157,-1.48942856431459;
5.8810000000003,-0.215049821992126,-0.0973046312556834,-1.78101597222241,0.161585218332275,1.48595317335814,-1.66659584476859,0.37260658201254,1.14786652549382,-1.47161394980779,0.239248030000495,1.44843277068078,-1.39265367210137;
5.90800000000031,-0.158964385817154,-0.0986523156278417,-1.57219204203562,0.161355449866287,1.49297658667907,-1.16317043520168,0.30459475962657,1.32393326274691,-1.36748683168108,0.301427162793063,1.34266588852376,-1.70923716038578;
5.93200000000032,0.023933005417534,-0.0993261578139208,-1.58317678221204,0.139515954112526,1.49648829333953,-1.14882065761663,0.0673116002894357,1.41196663137346,-1.26708140827028,0.239971404625368,0.918107206451743,-1.90461858019289;
5.95200000000032,0.154306204361294,-0.0996630789069604,-1.58532595757712,0.146252550410984,1.28219966706123,-1.35246782207776,-0.0230702490400813,1.45598331568673,-1.22387334335251,0.162123151100373,0.569339707904979,-2.00230929009645;
5.97900000000033,0.073109482547926,0.0495884537086749,-1.58823462190265,0.323126275205492,0.715939544719886,-1.72623391103888,-0.0765675458705198,1.07364535420157,-1.66193667167626,0.0497607703391194,0.284253682401739,-2.05115464504822;
6.00500000000034,-0.0236368113650446,0.30474968549539,-1.84223170013246,0.355833955836236,0.307969772359943,-1.91311695551944,0.021984463463437,0.5185281519543,-1.88096833583813,-0.0184838338999212,0.0921268412008694,-1.87106585888199;
6.02600000000035,-0.0170490637368741,0.394370356186873,-1.97111585006623,0.315275099790066,0.103984886179971,-2.00655847775972,0.0543158153346238,0.415519881469551,-1.99048416791906,0.0655740286753446,-0.00393657939956529,-1.54622473313477;
6.05200000000036,-0.0796505804333479,0.605403254918579,-2.03555792503312,0.26745240117906,0.00199244308998572,-2.05327923887986,0.0258787630076735,0.866687589994343,-1.93370708911891,0.0967329860650435,-0.0519682896997826,-1.56036339051558;
6.08000000000037,-0.0922987804548637,0.945903860773804,-2.06777896251656,0.233065428265922,-0.0490037784550071,-2.07663961943993,-0.0244948853018121,1.18334379499717,-1.85723002895353,0.179308151052541,-0.0759841448498913,-1.83018169525779;
6.10300000000037,-0.0918449025222011,1.2229519303869,-2.07689401192654,0.172855055098232,-0.0745018892275036,-1.79867583660786,-0.107955930876843,1.34167189749859,-1.83747199050902,0.123584063076052,-0.0879920724249457,-1.83169586719829;
6.13100000000038,-0.103778199199257,1.36147596519345,-2.08844700596327,0.277572690131513,-0.0872509446137518,-1.85371260716768,-0.168202439868506,1.42083594874929,-1.85079091425895,-0.0134590303783251,-0.006130576293497,-1.65468479425588;
6.15600000000039,-0.234343857290058,1.43073798259673,-2.09422350298163,0.227480546773597,-0.0936254723068759,-1.97685630358384,-0.0857906174034158,1.46041797437465,-1.69199188021898,-0.209672453993789,0.746934711853251,-1.58462175593217;
6.1770000000004,-0.185459121228113,1.46536899129836,-1.89103634541629,0.204479504496417,-0.096812736153438,-1.99249104875886,-0.110418751208498,1.43306608815092,-1.47336493267655,-0.307080837783333,1.12346735592663,-1.5364333399407;
6.20000000000041,-0.169974651813931,1.48268449564918,-1.73030006903111,0.0904688559326341,-0.098406368076719,-2.004742613527,-0.163974434121705,1.46653304407546,-1.36453658110917,-0.304656654147861,1.31173367796331,-1.40172563236316;
6.22300000000041,-0.14869129085562,1.49134224782459,-1.26266932496279,-0.0695589155776893,-0.0992031840383595,-1.82902013217053,-0.206754298798371,1.44810530101035,-1.73226829055458,-0.180194092764734,1.40586683898166,-1.52811812480966;
6.24300000000042,-0.161913307428466,1.4956711239123,-0.996809458776562,-0.161560857038875,-0.0996015920191798,-1.92624093370955,-0.267158141430283,1.21752636807548,-1.91613414527729,-0.125003655440747,1.45293341949083,-1.53574799905558;
6.26700000000043,-0.330956653714233,1.40161086651204,-1.47378923299126,-0.223349822631071,-0.0265258736386792,-1.68283858188649,-0.208388346580696,0.613254954305228,-2.00806707263865,-0.0214234312808213,1.39125337637711,-1.72905078833471;
6.29500000000044,-0.415478326857116,0.688523133260598,-1.78689461649563,-0.152092246944999,0.11112631226704,-1.79456254188548,-0.0585151869793892,0.256627477152614,-1.81143435150821,0.0586758680921943,0.711248374170307,-1.91452539416735;
6.31500000000044,-0.457739163428558,0.294261566630299,-1.94344730824782,-0.0973405068791384,0.266879348283636,-1.94728127094274,0.0587841543187618,0.0783137385763069,-1.74938157752374,0.0224054693570808,0.404692733380319,-2.00726269708368;
6.33500000000045,-0.478869581714279,0.0971307833151495,-2.02172365412391,0.0284425571721556,0.389334206941539,-2.02364063547137,0.0175061611647367,-0.0108431307118465,-1.5878991691034,0.0876907872851231,0.719397255824567,-2.01304727309094;
6.36000000000046,-0.48943479085714,-0.00143460834242527,-2.06086182706195,0.0377386029145004,0.734932091416326,-2.06182031773568,-0.180111441397917,-0.0554215653559233,-1.71948795158471,0.121327192768233,1.03030245157409,-1.92420685049467;
6.38200000000047,-0.49471739542857,-0.0507173041712126,-2.08043091353098,0.0151977696309925,1.11746604570816,-2.08091015886784,-0.210450718295699,-0.0777107826779616,-1.74655376592678,0.142012890569755,1.152696537238,-1.804138456566;
6.40400000000047,-0.497358697714285,-0.0753586520856063,-1.85848569599946,0.0809182174151361,1.30873302285408,-2.09045507943392,-0.228500381654564,-0.0888553913389808,-1.69866448004744,0.233912953730617,1.326348268619,-1.89076533853157;
6.42600000000048,-0.437628223330714,-0.0876793260428032,-1.74755796953122,0.177319603321216,1.40436651142704,-2.09522753971696,-0.0959385639161185,-0.0944276956694904,-1.62653892765294,0.310767123399275,1.4131741343095,-1.80163911252788;
6.44600000000049,-0.331815701440443,-0.0938396630214016,-1.69339111528834,0.225265808282922,1.45218325571352,-2.09761376985848,0.144597406102701,0.0208690212181418,-1.70895132188921,0.315852454750785,1.45658706715475,-1.68618109807159;
6.4710000000005,-0.271069999195868,-0.0969198315107008,-1.69409544508676,0.233084955304181,1.47609162785676,-1.99253077213436,0.305653958178304,0.49922450115339,-1.64249671133819,0.248115933462505,1.47829353357738,-1.58990494750334;
6.4930000000005,-0.241965582598117,-0.0984599157553504,-1.75946869274487,0.181804740473288,1.48804581392838,-1.74777545633152,0.402826979089152,0.999612250576695,-1.45793199853332,0.265312050841512,1.36772141230794,-1.53149704482353;
6.51600000000051,-0.152683067435457,-0.0992299578776752,-1.85368233035261,0.135002787731418,1.49402290696419,-1.54467140288271,0.431919666493123,1.24980612528835,-1.46768574126676,0.289177600871653,1.30398633963214,-1.62369506133694;
6.53700000000052,-0.0927558023305901,-0.0996149789388376,-1.70245196302858,0.120826327513818,1.4970114534821,-1.14937561080415,0.355328744036051,1.37490306264417,-1.24657430354812,0.296287668710515,1.28854888919168,-1.83172700292418;
6.56300000000053,0.0458967956616398,-0.0998074894694188,-1.43840024809106,0.129921053504529,1.49850572674105,-1.12416737936715,0.104653338483022,1.43745153132209,-1.30538657011617,0.203073915126704,0.886371890918281,-1.96586350146209;
6.58400000000053,0.0834157733477114,-0.0999037447347094,-1.29648412038914,0.202669123935492,1.21703379913484,-1.49892837237705,-0.0553910164579519,1.35174517126445,-1.56570854337031,0.11255634197731,0.620426960893405,-2.03293175073104;
6.60900000000054,0.0657819893140077,0.0330762653165137,-1.69824206019457,0.351334561967746,0.61284330270844,-1.79946418618853,-0.0385200595877949,0.881137374498269,-1.83285427168516,0.0682413711107728,0.272024653408891,-2.06646587536552;
6.63600000000055,0.0101036871561646,0.18500414036776,-1.89912103009729,0.425667280983873,0.25642165135422,-1.94973209309426,0.0780248188961355,0.390568687249135,-1.96642713584258,0.0561782653111695,0.0860123267044457,-1.80035795264353;
6.65800000000056,-0.0307693486864746,0.289817935938961,-1.99956051504864,0.396671082890008,0.07821082567711,-2.02486604654713,0.0794299626344844,0.494517544770693,-2.03321356792129,0.089513279546225,-0.00699383664777715,-1.58831629749591;
6.68100000000057,-0.114433299574026,0.507327173633042,-2.04978025752432,0.329367905813443,-0.010894587161445,-2.06243302327357,0.0213563466069303,0.96030451251291,-1.92735124835807,0.139359211498958,-0.0534969183238886,-1.64737729428438;
6.70400000000057,-0.0793744845553085,0.922939323625298,-2.07489012876216,0.300568707564467,-0.0554472935807225,-2.03196183791738,0.0130572760103743,1.1483416984142,-1.96379794483105,0.266385929373136,-0.0767484591619443,-1.7484346717508;
6.73200000000058,-0.124956120022329,1.21146966181265,-2.08744506438108,0.287856957007941,-0.0777236467903613,-1.71203735496094,-0.0946680909395913,1.3241708492071,-1.94803058805426,0.129171544654782,-0.0883742295809721,-1.78517487495697;
6.76000000000059,-0.0795727990906399,1.35573483090632,-2.09372253219054,0.391994241023807,-0.0888618233951806,-1.78917192531372,-0.146930628120934,1.41208542460355,-1.84662816972712,0.0271396418132462,0.0693579990114701,-1.67171528860707;
6.7880000000006,-0.179314774217256,1.42786741545316,-1.95621527333938,0.394631535184755,-0.0944309116975903,-1.92900917685402,-0.0784738930314953,1.45604271230177,-1.449984654045,-0.236430179093377,0.784678999505735,-1.51809517852852;
6.80900000000061,-0.164270164341752,1.46393370772658,-1.80142997751575,0.259804054087586,-0.0972154558487952,-1.92802046019024,-0.112840235643098,1.46548131375053,-1.23778448514933,-0.284303487049588,1.14233949975287,-1.63538192268406;
6.83000000000062,-0.183129346058281,1.48196685386329,-1.6093842667835,0.100630241426918,-0.0986077279243976,-1.83546360471937,-0.109244268145417,1.48274065687526,-1.23052841629979,-0.252273000829939,1.32116974987643,-1.58444310454624;
6.85000000000062,-0.0913459227907221,1.49098342693165,-1.17682642551745,-0.00104910562778833,-0.0993038639621988,-1.7729745136653,-0.192754365308212,1.43417815781767,-1.64090960724353,-0.285819103297355,1.41058487493822,-1.39975686087259;
6.87500000000063,-0.122396809976675,1.49549171346582,-1.08350751207513,-0.184403267852194,-0.0996519319810994,-1.69710762584978,-0.27196447198745,1.18738374519912,-1.87045480362176,-0.0603741727157245,1.45529243746911,-1.4412261740071;
6.90400000000064,-0.311198404988338,1.30095080444295,-1.59175375603757,-0.198997989173594,-0.066192876924998,-1.57411966216948,-0.196958716239315,0.543691872599558,-1.98522740181088,0.0838264353134329,1.22972997029381,-1.77061308700355;
6.92800000000065,-0.405599202494169,0.600475402221474,-1.84587687801878,-0.138847732184263,0.163731783812281,-1.81465076154662,-0.0480561997124462,0.221845936299779,-1.90794105915129,0.0341184369255153,0.564864985146906,-1.93530654350178;
6.95300000000066,-0.452799601247084,0.250237701110737,-1.97293843900939,-0.109711931168006,0.3387848944391,-1.95732538077331,0.00743131927505588,0.0609229681498896,-1.65109633549005,-0.0142890618478732,0.232432492573453,-2.01765327175089;
6.97500000000066,-0.476399800623542,0.0751188505553686,-2.0364692195047,-0.00386932811089646,0.454934571729361,-2.02866269038666,-0.117619350891037,-0.0195385159250552,-1.58204669974223,0.0632138574999831,0.773889015117979,-1.95062365988706;
7.00300000000067,-0.488199900311771,-0.0124405747223157,-1.97277505913322,0.0672786476167625,0.753356777899593,-2.06433134519333,-0.165749592056236,-0.0597692579625276,-1.49647518854327,0.13038980667205,1.13694450755899,-1.73881206740843;
7.02800000000068,-0.494099950155886,-0.0562202873611579,-1.91013800759586,0.0454300176577064,1.1266783889498,-2.01441502195236,-0.283079983825664,-0.0798846289812638,-1.79823759427164,0.178440240345455,1.19053780386838,-1.91940603370422;
7.05300000000069,-0.385922221820191,-0.0781101436805789,-1.74826545248167,0.115331011388515,1.3133391944749,-2.05720751097618,-0.17307935338973,-0.0899423144906319,-1.59695084656524,0.286314970712889,1.27515012895064,-1.80044606385109;
7.0800000000007,-0.336924166520752,-0.0890550718402895,-1.82958852415153,0.207116599367964,1.40666959723745,-2.07860375548809,0.10583392807961,0.150031732387863,-1.61718803477907,0.355836399426574,1.33665969210365,-1.74922663896023;
7.11000000000071,-0.253706654230911,-0.0945275359201447,-1.79102399828468,0.0986112523013886,1.45333479861872,-2.04734726501211,0.245517102227213,0.825015866193931,-1.55090369946074,0.350044962580261,1.2827844850098,-1.47789335712164;
7.13400000000072,-0.273541459401528,-0.0972637679600724,-1.77350680769699,0.0801899087396531,1.47666739930936,-1.74375785118691,0.356994691364766,1.16250793309697,-1.28235173109329,0.318870368806152,1.37502218444521,-1.36208271614894;
7.16000000000073,-0.149977514425953,-0.0986318839800362,-1.65611545935878,0.0947079622729256,1.48833369965468,-1.3597139692622,0.320227756735087,1.33125396654848,-1.35711580307859,0.277856088085785,1.3208817778,-1.66247848089628;
7.18100000000073,-0.0820862863858738,-0.0993159419900181,-1.53063686438207,0.0801614463321186,1.49416684982734,-0.946233885304015,0.206814839957357,1.41562698327424,-1.2888589073796,0.170724396906204,0.965043680268959,-1.88123924044814;
7.20100000000074,0.0452972079117994,-0.0996579709950091,-1.49256690938177,0.00798834443051701,1.37979820309856,-1.00305937767818,0.0181256080260874,1.45781349163712,-1.16119103081916,0.108107073407326,0.575506820479252,-1.99061962022407;
7.23000000000075,0.0133719289700141,0.146224918797463,-1.31964663365931,0.253994172215258,0.817746004158152,-1.55152968883909,-0.0246932959263026,1.08256157001585,-1.63059551540958,-0.0395327126478386,0.430149115224291,-2.01673437781147;
7.25500000000076,-0.087394971231622,0.275133670784458,-1.60699836661146,0.254817654192346,0.358873002079076,-1.82576484441954,0.0275868678239733,0.742093339367362,-1.86529775770479,-0.087058588837347,0.165074557612146,-1.82333956721927;
7.27600000000076,-0.155734076191983,0.352754384983294,-1.80768632019423,0.186837553530881,0.129436501039538,-1.96288242220977,0.0237860122396425,0.546117778024898,-1.9826488788524,-0.0467792798453379,0.0325372788060728,-1.50756037117792;
7.30400000000077,-0.204319918001692,0.501233800107595,-1.95384316009712,0.141516204252814,0.014718250519769,-2.03144121110489,0.00951609887549655,0.714648076098078,-1.88705346860482,0.0145497464451289,-0.0337313605969636,-1.63914760888494;
7.33400000000078,-0.191306083125373,0.667353431311427,-2.02692158004856,0.184466889090823,-0.0426408747401155,-2.02885598510528,-0.0161926288511883,1.02898007442599,-1.83135681886471,0.0754006862299192,-0.0668656802984818,-1.54532383203942;
7.35900000000079,-0.124796576461444,0.906007834239393,-2.06346079002428,0.215893036220216,-0.0713204373700577,-1.8923647849263,-0.0422653940869635,1.264490037213,-1.89715270767111,0.110490517599213,-0.0834328401492409,-1.58758658677557;
7.3880000000008,-0.122407903652017,1.2030039171197,-2.06773493235612,0.21545886580832,-0.0856602186850289,-1.80762858830399,-0.058005047020975,1.3822450186065,-1.80929981951663,0.0195457470331726,0.104977918247065,-1.81196443095912;
7.41600000000081,-0.17485301493636,1.35150195855985,-1.83206462534916,0.25418678792659,-0.0928301093425144,-1.84411604028198,-0.0487720955300645,1.44112250930325,-1.55816339495157,-0.224237865809891,0.802488959123533,-1.49656841285581;
7.44500000000082,-0.109794466490702,1.42575097927992,-1.74280388490683,0.12755887747975,-0.0964150546712572,-1.93862845113502,-0.125699136897341,1.32341619792708,-1.3595962357639,-0.356975309552895,1.15124447956177,-1.47520767364678;
7.47500000000083,-0.114902729985692,1.46287548963996,-1.24520835944179,-0.0786530077399224,-0.0982075273356286,-2.01931422556751,-0.213170818410524,1.38154379756812,-1.59750573993319,-0.284601977915638,1.32562223978088,-1.41676174806445;
7.49900000000084,-0.0674383246886622,1.48143774481998,-1.04703153405668,-0.229150674936245,-0.0944296627919598,-1.88918842477259,-0.318342549364869,1.18013863579216,-1.84875286996659,-0.154848891422686,1.41281111989044,-1.2380447348301;
7.52900000000085,-0.283719162344331,1.29685216651552,-1.57351576702834,-0.25991088777635,0.0945380374947824,-1.5830634911987,-0.229516418954285,0.540069317896078,-1.9743764349833,0.00717455927255917,1.26655006186974,-1.66902236741505;
7.55000000000086,-0.391859581172166,0.59842608325776,-1.83675788351417,-0.186422256975638,0.212722744800629,-1.82480829756125,-0.0542632668120424,0.220034658948039,-1.7767125745125,0.0550264474934497,0.583275030934868,-1.88451118370753;
7.57700000000087,-0.445929790586083,0.24921304162888,-1.96837894175708,-0.132854733243221,0.287081248689682,-1.96240414878062,-0.0264946854314585,0.0600173294740195,-1.60383136220313,-0.016402058145098,0.271701621454983,-1.99225559185376;
7.60200000000087,-0.472964895293041,0.07460652081444,-2.03418947087854,-0.0187757401539057,0.444144693577782,-2.03120207439031,-0.071495819697846,-0.0199913352629903,-1.48359667483736,0.0362386699812154,0.673817467412367,-1.98228692983801;
7.62700000000088,-0.486482447646521,-0.01269673959278,-1.88355608099267,0.0339816395007983,0.782790448051937,-2.06560103719516,-0.206890254323715,-0.0599956676314951,-1.55165056647742,0.082291250044929,1.08690873370618,-1.84864456045238;
7.65500000000089,-0.49324122382326,-0.05634836979639,-1.82003327366494,-0.00590565604153199,1.14139522402597,-2.08280051859758,-0.282263775023338,-0.0799978338157476,-1.70883269042713,0.130131680873447,1.28224942081198,-1.84827372723623;
7.6800000000009,-0.449771461253976,-0.078174184898195,-1.69806156335663,0.0616651860764478,1.32069761201298,-2.09140025929879,-0.234199663476406,-0.0899989169078738,-1.63292482510677,0.248440691186693,1.39112471040599,-1.82602571096919;
7.70300000000091,-0.385923848035741,-0.0890870924490975,-1.66541045694744,0.138895032003068,1.41034880600649,-2.09570012964939,0.0218083232262439,-0.0949994584539369,-1.69367382832105,0.276136127091302,1.445562355203,-1.69155419243823;
7.72400000000091,-0.337872264327013,-0.0945435462245487,-1.66511457159716,0.250279668368172,1.45517440300325,-2.0978500648247,0.260904161613122,0.412020566035368,-1.63636130694417,0.213225013304181,1.4727811776015,-1.58762751705175;
7.75200000000092,-0.283757070273858,-0.0972717731122744,-1.66596448220113,0.122655197728312,1.47758720150162,-1.85238338032895,0.301470724185772,0.956010283017684,-1.49236372413172,0.234443743968222,1.34783403686746,-1.44343591276172;
7.77800000000093,-0.214276052102795,-0.0986358865561372,-1.75861655969073,0.109496230060178,1.48879360075081,-1.35690503378478,0.348003247301016,1.22800514150884,-1.37069859356649,0.247206756246196,1.34849362280003,-1.51837605954887;
7.80800000000094,-0.0773719927595809,-0.0993179432780686,-1.45896470794404,0.0724322963626771,1.49439680037541,-1.05404878983779,0.221646502276378,1.36400257075442,-1.19019439146403,0.21208142358666,1.01378559423502,-1.80918802977443;
7.83700000000095,0.132045447979035,-0.0996589716390343,-1.60586458270413,0.0730364126399949,1.35566470353624,-1.47334637706421,0.0127939130167747,1.43200128537721,-1.22455811463537,0.173988294991877,0.611481281881611,-1.95459401488722;
7.86600000000096,0.0702140284347843,0.103739640309633,-1.63749761196307,0.286518206319997,0.700509427631007,-1.7866731885321,-0.0485006069491017,1.02233478209529,-1.66227905731768,0.0395572115942968,0.332172809424539,-2.02729700744361;
7.89100000000097,-0.0369278800105894,0.225968895949037,-1.83809319542016,0.319398367266749,0.300254713815503,-1.94333659426605,-0.00901770350087224,0.466886873946355,-1.88113952865884,-0.00421443452610903,0.11608640471227,-1.82288409292802;
7.91500000000098,-0.0676766985464019,0.379399811524704,-1.96904659771008,0.229815559318113,0.100127356907752,-2.02166829713303,0.0396556520623538,0.382517413251483,-1.99056976432942,0.0465096408616785,0.00804320235613486,-1.50937606602959;
7.94400000000099,-0.102695547034737,0.597704724619068,-2.03452329885504,0.180962277616286,6.36784538758303e-05,-2.06083414856651,0.0286386543593095,0.763058014687341,-1.96731122431826,0.103871054971779,-0.0459783988219326,-1.69133455410626;
7.973000000001,-0.0946971844089012,1.00406934229,-2.06726164942752,0.123733350021255,-0.0499681607730621,-2.08041707428326,-0.016848774846331,1.13152900734367,-1.87688875644242,0.133711030644459,-0.0729891994109663,-1.73933411665274;
7.996000000001,-0.0932128482288113,1.252034671145,-2.08363082471376,0.205748084178871,-0.074984080386531,-1.88661224321539,-0.0931221692243892,1.31576450367184,-1.91714058741349,0.0469685883136005,-0.0864945997054831,-1.71158010277904;
8.02300000000099,-0.143641938230693,1.3760173355725,-2.06004477174523,0.232564407880756,-0.0874920401932655,-1.77056504227725,-0.178013196810071,1.40788225183592,-1.86435969881424,-0.0687209274961844,0.382225449916946,-1.75408062594015;
8.05000000000098,-0.170181852112859,1.43800866778625,-2.05848033145787,0.268136223105417,-0.0937460200966328,-1.93528252113863,-0.161629301718863,1.42825972561889,-1.60311251189415,-0.220140566954727,0.941112724958473,-1.53815162011424;
8.07100000000097,-0.101787783270404,1.46900433389313,-1.70875066675604,0.218735226764195,-0.0968730100483164,-2.01764126056931,-0.156109716500835,1.35818798902061,-1.2822645450935,-0.311654141013679,1.22055636247924,-1.48113567743917;
8.09100000000095,-0.109952544751428,1.48450216694656,-1.32346788723201,0.113057171739098,-0.0984365050241582,-1.87654285547387,-0.177114832205572,1.4290939945103,-1.36461129165218,-0.331313332351475,1.36027818123962,-1.45216092573712;
8.11200000000094,-0.0941916809393279,1.49225108347328,-1.04528629222974,-0.0627890363152044,-0.0992182525120791,-1.74099042920893,-0.198064254424472,1.25825840920812,-1.73230564582609,-0.13649164678277,1.43013909061981,-1.49853740536724;
8.14200000000093,-0.223103712097472,1.47990447144703,-1.20352481027179,-0.177471669456125,-0.0996091262560396,-1.55266352995547,-0.167077467988679,0.752430782172117,-1.91615282291305,0.0168728029647398,1.37175663809097,-1.73400090139883;
8.17000000000091,-0.361551856048736,0.84752805760004,-1.65176240513589,-0.160671942601979,0.0748392097124801,-1.81983845881776,-0.03727045444188,0.326215391086058,-1.96871722933715,0.11151618420675,0.796366876861037,-1.91700045069942;
8.1920000000009,-0.430775928024368,0.37376402880002,-1.87588120256795,-0.0841450855485501,0.17574648817228,-1.95991922940888,0.0617439381900555,0.113107695543029,-1.78698052911493,0.0351722618917358,0.358109769473762,-2.00850022534971;
8.22000000000088,-0.465387964012184,0.13688201440001,-1.98794060128397,0.0564962412242143,0.341036796370381,-2.02995961470444,0.0136129059703711,0.00655384777151457,-1.5723492704259,0.0847071705748505,0.702415223543987,-2.05425011267485;
8.24400000000087,-0.482693982006092,0.018441007200005,-2.04397030064199,-0.0179783582029716,0.771279251475748,-2.06497980735222,-0.194636699442488,-0.0467230761142427,-1.67697523049646,0.120744671150539,0.870305437656813,-1.86943617637069;
8.27100000000086,-0.491346991003046,-0.0407794963999975,-2.05347156022357,-0.0683954548506923,1.13563962573787,-2.04778122495373,-0.318486634137443,-0.0733615380571214,-1.67629738058713,0.112231859229253,1.18515271882841,-1.85940717843727;
8.29600000000084,-0.465846763819699,-0.0703897481999987,-1.80858477028393,0.0992234361336138,1.31781981286894,-2.07389061247686,-0.209048539818431,-0.0866807690285607,-1.66274865223004,0.229667112361514,1.3425763594142,-1.88129675580837;
8.31800000000083,-0.3893271905036,-0.0851948740999994,-1.71617739335787,0.135131400235767,1.40890990643447,-2.08694530623843,-0.0183011432593591,-0.0933403845142803,-1.69406043565787,0.322544947629732,1.4212881797071,-1.7129382053702;
8.34600000000081,-0.324886015944244,-0.0925974370499997,-1.70844089158422,0.235028590266047,1.45445495321723,-2.09347265311922,0.24084942837032,0.47100975535753,-1.63887886989373,0.271920347693345,1.46064408985355,-1.57844078290904;
8.3720000000008,-0.269941396262527,-0.0962987185249999,-1.73727808479491,0.0995582069477129,1.47722747660862,-1.8854584899984,0.306492529012126,0.985504877678765,-1.43579259508976,0.289415376426171,1.35174030645479,-1.50445200899464;
8.39200000000079,-0.167103161586464,-0.0981493592624999,-1.86344159485908,0.0992123783390069,1.48861373830431,-1.76137515889815,0.357996916819295,1.24275243883938,-1.27228987512057,0.320724214435314,1.4258701532274,-1.59231087316683;
8.41500000000078,0.0138876320058404,-0.09907467963125,-1.88023811400936,0.101318185367204,1.49430686915215,-1.35682393604125,0.249779273295741,1.37137621941969,-1.2395671322796,0.366037594735968,1.30297853793648,-1.84615543658342;
8.44100000000076,0.0836499107447415,-0.099537339815625,-1.44819641024374,0.161862291116524,1.49715343457608,-1.03263654258651,0.0927278596283696,1.43568810970985,-1.23138923420773,0.251037387579852,0.904534625241892,-1.97307771829171;
8.46300000000075,0.127448465256251,-0.0997686699078125,-1.34353639737021,0.232230936894322,1.21222980490401,-1.51217307223282,-0.0473579713641752,1.45213371292453,-1.49094712622099,0.134466649904933,0.611660730456182,-2.03653885914585;
8.49100000000073,0.0523659727118201,0.0719588004029969,-1.66922131009525,0.366115468447161,0.581646325543891,-1.80608653611641,-0.0200489424138839,0.897244184095171,-1.7954735631105,0.0438627627566889,0.273336046742831,-2.00879491365801;
8.51500000000072,-0.00446887686144375,0.130274031682669,-1.88461065504762,0.349857200833535,0.240823162771946,-1.9530432680582,0.0519484222695443,0.424464937487496,-1.94773678155525,0.043151062879733,0.0866680233714154,-1.79670358646339;
8.54200000000071,-0.0144214949721647,0.366128337941497,-1.99230532752381,0.396475159750569,0.0704115813859728,-2.0265216340291,0.0757200521610783,0.501755197067685,-2.02386839077762,0.0837632555533308,-0.00666598831429231,-1.5537642466447;
8.57200000000069,-0.0425930469093001,0.629765485506221,-2.04615266376191,0.386924885325724,-0.0147942093070136,-2.03188837715325,0.00180630119555227,0.957576981792662,-1.79575607769634,0.174653184154076,-0.0533329941571462,-1.63768861231313;
8.59500000000068,-0.0741741033820945,1.04149620472439,-2.07307633188095,0.302774671819356,-0.0573971046535068,-1.95053120229809,-0.0531166629398215,1.22878849089633,-1.85929468866659,0.16254849301698,-0.0766664970785731,-1.68825233547442;
8.61800000000066,-0.0999151859893719,1.2707481023622,-2.08653816594048,0.215838689459635,-0.0786985523267534,-1.78371273713394,-0.15880214832248,1.36439424544817,-1.91694922445453,0.0612279933041441,-0.0883332485392865,-1.85117118044969;
8.64600000000065,-0.181336010009762,1.3853740511811,-2.09326908297024,0.274930574721731,-0.0893492761633767,-1.81112677076004,-0.167641434182831,1.43219712272408,-1.86101555823404,-0.162549238535458,0.484582031049571,-1.62145013205348;
8.67100000000063,-0.124610953584669,1.44268702559055,-1.91073424670439,0.284177809867579,-0.0946746380816884,-1.93890465010475,-0.178770247454499,1.41622874982716,-1.55074315070668,-0.281756744550017,0.992291015524785,-1.54748363490968;
8.70000000000062,-0.112621606715201,1.47134351279527,-1.61978970693221,0.189966701226095,-0.0973373190408442,-2.01945232505238,-0.147169971940445,1.30889032010019,-1.2696671307065,-0.322257387720718,1.24614550776239,-1.52709980903104;
